Date,Open,High,Low,Close,Volume,Dividends,Stock Splits,RSI,MACD,Signal_Line,SMA_20,SMA_50,SMA_200,BB_middle,BB_upper,BB_lower,Stochastic_K,Stochastic_D,ATR,OBV,ROC,MFI,RVI
2023-12-21 00:00:00-05:00,39.5,40.06399917602539,38.54100036621094,39.709999084472656,10245000,0.0,0.0,,0.0,0.0,,,,,,,,,,0.0,,,
2023-12-22 00:00:00-05:00,38.5,39.58000183105469,37.43000030517578,39.209999084472656,11583100,0.0,0.0,,-0.03988603988604211,-0.007977207977208424,,,,,,,,,,-11583100.0,,,
2023-12-26 00:00:00-05:00,39.9900016784668,42.439998626708984,39.83000183105469,42.13999938964844,13273900,0.0,0.0,,0.16305097360628196,0.02622842833948965,,,,,,,,,,1690800.0,,,
2023-12-27 00:00:00-05:00,42.650001525878906,43.540000915527344,41.46500015258789,42.72999954223633,11965700,0.0,0.0,,0.36725461773284707,0.09443366621816114,,,,,,,,,,13656500.0,,,
2023-12-28 00:00:00-05:00,42.29999923706055,42.79499816894531,41.67499923706055,42.68000030517578,6871600,0.0,0.0,,0.5190694468672561,0.17936082234798012,,,,,,,,,,6784900.0,,,
2023-12-29 00:00:00-05:00,42.34000015258789,42.560001373291016,40.08000183105469,40.88999938964844,10951100,0.0,0.0,,0.4893052719092168,0.24134971226022747,,,,,,,,,,-4166200.0,,,
2024-01-02 00:00:00-05:00,39.97999954223633,40.66999816894531,38.279998779296875,38.790000915527344,12599900,0.0,0.0,,0.29288838736081857,0.25165744728034567,,,,,,,,,,-16766100.0,,,
2024-01-03 00:00:00-05:00,37.880001068115234,38.209999084472656,36.77000045776367,36.93000030517578,12665300,0.0,0.0,,-0.01271336161381953,0.19878328550151264,,,,,,,,,,-29431400.0,,,
2024-01-04 00:00:00-05:00,36.8650016784668,37.68000030517578,36.25,37.04999923706055,9227000,0.0,0.0,,-0.2424274853425814,0.11054113133269383,,,,,,,,,,-20204400.0,,,
2024-01-05 00:00:00-05:00,36.459999084472656,38.36000061035156,36.16999816894531,37.779998779296875,11209900,0.0,0.0,,-0.3614066503039055,0.016151575005373967,,,,,,,,,,-8994500.0,,,0.07445343564564665
2024-01-08 00:00:00-05:00,37.5099983215332,39.29199981689453,37.130001068115234,38.97999954223633,12057100,0.0,0.0,,-0.3547787938960454,-0.058034498774909904,,,,,,,,,,3062600.0,-1.838326766725541,,0.13493263814888112
2024-01-09 00:00:00-05:00,38.59000015258789,38.66999816894531,35.529998779296875,35.869998931884766,30384600,0.0,0.0,,-0.5936341825060154,-0.16515443552113102,,,,,,,,,,-27322000.0,-8.518235732146564,,-0.03446338727500679
2024-01-10 00:00:00-05:00,36.08000183105469,38.849998474121094,35.5,37.130001068115234,23615400,0.0,0.0,,-0.67349354240136,-0.2668222568971768,,,,,,,,,,-3706600.0,-11.888937812286475,,-0.08380423664965231
2024-01-11 00:00:00-05:00,36.63999938964844,37.040000915527344,34.63999938964844,34.81999969482422,18972900,0.0,0.0,36.819410821646585,-0.9126598907026775,-0.395989783658277,,,,,,,2.022474992306314,,2.323571341378348,-22679500.0,-18.51158420817088,39.68429161196142,-0.16853690757150702
2024-01-12 00:00:00-05:00,34.47999954223633,35.5620002746582,34.2400016784668,34.59000015258789,12905500,0.0,0.0,36.36848182991693,-1.1079877921347787,-0.5383893853535774,,,,,,,3.7634247616531837,,2.3092141832624162,-35585000.0,-18.955014280088513,37.32622413467819,-0.1791160005739834
2024-01-16 00:00:00-05:00,33.790000915527344,34.34000015258789,32.91999816894531,34.099998474121094,9985700,0.0,0.0,36.387854429397024,-1.2874842842212715,-0.6882083651271163,,,,,,,11.11111111111111,5.632336955023536,2.265642983572824,-45570700.0,-16.605529510588045,37.88437385507941,-0.10520638672706546
2024-01-17 00:00:00-05:00,33.130001068115234,33.349998474121094,32.209999084472656,32.97999954223633,11219600,0.0,0.0,22.99528808494358,-1.5027878975536808,-0.8511242716124292,,,,,,,6.796119446805014,7.22355177318977,2.1699286869594028,-56790300.0,-14.978090322666931,31.25550423055438,-0.05976829825079889
2024-01-18 00:00:00-05:00,34.959999084472656,35.2599983215332,32.43000030517578,32.869998931884766,13400500,0.0,0.0,20.084955698133427,-1.6631222541520856,-1.0135238681203607,,,,,,,6.235237642866461,8.047489400260863,2.2238570622035434,-70190800.0,-10.99377562886725,30.680138631252944,-0.10919410948203138
2024-01-19 00:00:00-05:00,33.13999938964844,33.367000579833984,32.23500061035156,33.13999938964844,9781700,0.0,0.0,21.43713083677075,-1.7482488815896033,-1.1604688708142092,,,,,,,8.985508207862992,7.338955099178155,2.2247142791748047,-60409100.0,-10.553306148252215,30.549892170459017,-0.11951078666060733
2024-01-22 00:00:00-05:00,34.0,35.5,33.68000030517578,34.220001220703125,10832600,0.0,0.0,29.143227399775355,-1.7088664763173256,-1.2701483919148324,37.33049964904785,,,37.33049964904785,43.82811864348139,30.832880654614314,23.75889307032661,12.993212973685354,2.207571574619838,-49576500.0,-9.422968961408753,36.097629223524464,-0.17474432721108302
2024-01-23 00:00:00-05:00,34.7400016784668,34.935001373291016,33.724998474121094,34.279998779296875,7477600,0.0,0.0,33.83512309572835,-1.6537509236228232,-1.3468688982564305,37.058999633789064,,,37.058999633789064,43.59166722242817,30.526332045149953,29.229024015030404,20.657808431073338,2.1075717381068637,-42098900.0,-12.05746746571103,37.338872128685445,-0.2808139487752784
2024-01-24 00:00:00-05:00,34.95000076293945,35.14799880981445,33.02000045776367,33.029998779296875,8865300,0.0,0.0,35.38230747365887,-1.6914381581371174,-1.415782750232568,36.749999618530275,,,36.749999618530275,43.4370841334728,30.06291510358775,11.578644592201256,21.522187225852758,2.115285873413086,-50964200.0,-7.917480449277127,38.2987029518377,-0.25330673569142614
2024-01-25 00:00:00-05:00,33.22999954223633,33.72999954223633,32.709999084472656,32.880001068115234,7959900,0.0,0.0,34.405395241929355,-1.7136551745814756,-1.4753572351023494,36.28699970245361,,,36.28699970245361,42.67850120670037,29.89549819820686,9.460631380271737,16.756099995834465,2.0860001700265065,-58924100.0,-11.446269533370998,38.7456261175998,-0.3744979301633082
2024-01-26 00:00:00-05:00,32.93000030517578,33.93000030517578,32.880001068115234,33.11000061035156,7738900,0.0,0.0,31.857042842568333,-1.6931852932175318,-1.518922846725386,35.805999755859375,,,35.805999755859375,41.57337609719882,30.03862341451993,12.708294730310305,11.2491902342611,2.0045713697160994,-51185200.0,-4.910968120217523,37.2213123252894,-0.27534539059901786
2024-01-29 00:00:00-05:00,33.06999969482422,34.70000076293945,32.79999923706055,34.599998474121094,7746600,0.0,0.0,33.35865836283975,-1.5389918495323442,-1.5229366472867776,35.40199966430664,,,35.40199966430664,40.190928253582214,30.613071075031076,35.993970020153554,19.38763204357853,1.9858572823660714,-43438600.0,0.0289052370312149,35.22860528097023,-0.17444133581178942
2024-01-30 00:00:00-05:00,34.189998626708984,34.36000061035156,33.45000076293945,33.5099983215332,7438900,0.0,0.0,39.40753707516118,-1.4875982309024423,-1.5158689640099108,35.03299961090088,,,35.03299961090088,39.12854361345433,30.937455608347424,19.578303562605853,22.760189437689906,1.8215713500976562,-50877500.0,-1.7302058034860295,40.818546037277564,-0.24570707961480123
2024-01-31 00:00:00-05:00,33.040000915527344,34.15299987792969,32.33000183105469,32.400001525878906,7454300,0.0,0.0,28.480427190788077,-1.5189266418183607,-1.516480499571601,34.71349964141846,,,34.71349964141846,38.56467987658695,30.862319406249966,3.933796467417917,19.835356683392444,1.7124998910086495,-58331800.0,-1.7586356106968368,27.9376698579175,-0.26606859753745504
2024-02-01 00:00:00-05:00,32.5099983215332,32.810001373291016,31.402999877929688,31.969999313354492,9304000,0.0,0.0,34.357837647482,-1.5604641585855603,-1.525277231374393,34.465499591827395,,,34.465499591827395,38.35431992665039,30.576679257004397,13.633070000926386,12.381723343650052,1.6351427350725447,-67635800.0,-2.738057948816208,30.301308161605334,-0.18472232450672527
2024-02-02 00:00:00-05:00,31.479999542236328,32.900001525878906,30.920000076293945,32.84000015258789,7869000,0.0,0.0,41.025637514412715,-1.5058229533949756,-1.5213863757785098,34.25499963760376,,,34.25499963760376,38.00818193588781,30.501817339319704,41.921399744048806,19.8294220707977,1.68214293888637,-59766800.0,-0.9052481671265636,37.67887176555834,-0.0852571411416445
2024-02-05 00:00:00-05:00,33.189998626708984,33.43000030517578,31.229999542236328,31.459999084472656,9822700,0.0,0.0,37.593982671085115,-1.5559380721021938,-1.5282967150432467,33.93899965286255,,,33.93899965286255,37.5019547189976,30.376044586727495,11.79037155401857,22.448280432997922,1.7199999945504325,-69589500.0,-8.065464750949996,37.881372527587885,-0.20796013949954692
2024-02-06 00:00:00-05:00,31.770000457763672,32.2599983215332,31.350000381469727,32.04999923706055,7062600,0.0,0.0,45.40059050475894,-1.5304050267563696,-1.5287183773858715,33.59249963760376,,,33.59249963760376,36.34758982775648,30.837409447451037,24.67247117009177,26.128080822719713,1.6499998910086495,-62526900.0,-6.5052497714297415,39.21412286882865,-0.16375263399037812
2024-02-07 00:00:00-05:00,32.31999969482422,32.880001068115234,31.68000030517578,32.52000045776367,5387300,0.0,0.0,48.3285646569486,-1.4554670160531913,-1.5140681051193354,33.424999713897705,,,33.424999713897705,35.99843101969553,30.851568408099883,34.93450672756856,23.79911648389297,1.533571515764509,-57139600.0,-1.5440458382725368,34.81624715531629,-0.027083155623207553
2024-02-08 00:00:00-05:00,32.5,33.61000061035156,32.11000061035156,33.40999984741211,7402700,0.0,0.0,51.217315360335945,-1.3091712783958087,-1.4730887397746302,33.238999652862546,,,33.238999652862546,35.13294433965701,31.345054966068084,54.36680813530015,37.99126201098682,1.5598572322300501,-49736900.0,1.6119183761548945,42.11261379499744,0.05846779413864629
2024-02-09 00:00:00-05:00,33.86000061035156,34.400001525878906,33.47999954223633,33.81999969482422,7295800,0.0,0.0,48.080605841615295,-1.1469262393732933,-1.407856239694363,33.18899965286255,,,33.18899965286255,34.95573173454403,31.422267571181067,68.5903615707932,52.630558811220645,1.4620001656668526,-42441100.0,2.1443644560087414,40.08345234540692,0.04406775935085507
2024-02-12 00:00:00-05:00,33.45000076293945,35.560001373291016,33.34000015258789,34.099998474121094,15770100,0.0,0.0,49.154133552463406,-0.9844047108576319,-1.323165933927017,33.164499568939206,,,33.164499568939206,34.8616480783955,31.46735105948292,68.53442907193129,63.83053292600821,1.5341429029192244,-26671000.0,-1.4450867689314282,51.094199262853685,-0.015262202788449395
2024-02-13 00:00:00-05:00,32.27000045776367,33.41999816894531,31.700000762939453,33.11000061035156,13439100,0.0,0.0,50.38536551842247,-0.9248289302317332,-1.2434985331879604,33.11499967575073,,,33.11499967575073,34.75401698058461,31.475982370916853,47.19827417882293,61.44102160718247,1.5535714285714286,-40110100.0,-1.1936667598237567,49.30281827132093,0.08123418900574535
2024-02-14 00:00:00-05:00,33.630001068115234,35.20000076293945,33.56999969482422,34.90999984741211,8762100,0.0,0.0,58.43723869074969,-0.7240237050729164,-1.1396035675649516,33.21149969100952,,,33.21149969100952,35.03403983381512,31.38895954820392,85.9913503407946,67.24135119718294,1.6299999782017298,-31348000.0,7.746908034952986,56.28310331033702,0.20462780266004968
2024-02-15 00:00:00-05:00,35.06999969482422,35.560001373291016,34.33000183105469,35.02000045776367,7256100,0.0,0.0,58.01847390278572,-0.549671714107653,-1.021617196873492,33.31899976730347,,,33.31899976730347,35.30318867195938,31.334810862647554,88.36205248742445,73.85055900234732,1.6428571428571428,-24091900.0,9.540197716348198,56.23987686398586,0.2385555408531639
2024-02-16 00:00:00-05:00,34.29999923706055,34.90999984741211,33.75,33.900001525878906,7763700,0.0,0.0,46.967083517759995,-0.4961517304064955,-0.9165241035800927,33.35699987411499,,,33.35699987411499,35.35581101499858,31.358188733231405,64.22415121981899,79.52585134934601,1.5978570665631975,-31855600.0,3.2277751777278367,49.719135060991384,0.13206252935193905
2024-02-20 00:00:00-05:00,33.27000045776367,33.27000045776367,31.6299991607666,32.02000045776367,8717900,0.0,0.0,43.957834130253524,-0.5985375636480441,-0.852926795593683,33.24699983596802,,,33.24699983596802,35.287547457906065,31.206452214029973,23.70689814637828,58.76436728454056,1.6778573989868164,-40573500.0,1.7800425606732104,49.34935955404579,0.17126666567677126
2024-02-21 00:00:00-05:00,31.200000762939453,31.3700008392334,30.579999923706055,30.829999923706055,7504100,0.0,0.0,43.6744505230607,-0.7668622611991722,-0.8357138887147809,33.074499893188474,,,33.074499893188474,35.32033306370028,30.82866672267667,5.020078860033973,30.98370940874375,1.6505004337855749,-48077600.0,-3.8065502102844477,49.51434609573776,0.12633818983273198
2024-02-22 00:00:00-05:00,31.540000915527344,31.829999923706055,30.850000381469727,31.020000457763672,8615100,0.0,0.0,46.09696446328981,-0.874844676663983,-0.8435400463046214,32.973999977111816,,,32.973999977111816,35.400818314806266,30.547181639417367,8.835349517705207,12.520775508039153,1.6214288984026228,-39462500.0,-4.612546060533332,56.52239103245944,0.076141922753641
2024-02-23 00:00:00-05:00,31.010000228881836,31.559999465942383,30.579999923706055,31.260000228881836,7642400,0.0,0.0,43.15424584271513,-0.930331263429963,-0.8608982897296898,32.892999935150144,,,32.892999935150144,35.43827889270405,30.347720977596236,13.654620627318357,9.170016335019179,1.5500001907348633,-31820100.0,-6.435197929810254,50.45055755159311,0.029389405636063282
2024-02-26 00:00:00-05:00,31.56999969482422,33.43000030517578,31.200000762939453,33.040000915527344,27652500,0.0,0.0,56.61642383911305,-0.8212072380192836,-0.8529600793876086,32.88949995040893,,,32.88949995040893,35.433714796236806,30.34528510458106,49.39759589881863,23.962522014614066,1.55214296068464,-4167600.0,-2.3063240281940196,63.55423385336904,0.13031547520387896
2024-02-27 00:00:00-05:00,29.010000228881836,31.68000030517578,27.729999542236328,31.020000457763672,46815900,0.0,0.0,46.14809700230965,-0.8874923573280213,-0.8598665349756912,32.71050004959106,,,32.71050004959106,35.2517509838543,30.169249115327826,42.01788181554213,35.02336611389304,1.8664289202008928,-50983500.0,-9.032252651550323,50.5629722121092,0.19987751336459703
2024-02-28 00:00:00-05:00,30.260000228881836,30.5,29.059999465942383,29.290000915527344,16454900,0.0,0.0,38.96103845309434,-1.0673169315821802,-0.901356614296989,32.49950017929077,,,32.49950017929077,35.43191396536864,29.5670863932129,19.92338452724073,37.11295408053383,1.9207146508353097,-67438400.0,-11.53729877501098,45.123855460265766,0.09045554807529158
2024-02-29 00:00:00-05:00,29.40999984741211,29.989999771118164,28.889999389648438,29.31999969482422,11452200,0.0,0.0,35.14887019000355,-1.1936489098535503,-0.9598150734083013,32.34550008773804,,,32.34550008773804,35.60515758332122,29.085842592154854,20.30651061002013,27.41592565093433,1.8921432495117188,-55986200.0,-16.01260434552044,40.51355559832571,0.005161530874740739
2024-03-01 00:00:00-05:00,29.389999389648438,29.424999237060547,28.309999465942383,28.90999984741211,10515400,0.0,0.0,32.17138328103937,-1.3117306594625333,-1.0301981906191477,32.19250011444092,,,32.19250011444092,35.795539019779426,28.58946120910241,15.070243029775094,18.433379389011986,1.9010716847011022,-66501600.0,-17.447174558779942,36.20012583280315,-0.022749204951245775
2024-03-04 00:00:00-05:00,28.510000228881836,28.670000076293945,26.8700008392334,27.010000228881836,14865200,0.0,0.0,26.965563985980054,-1.5408632743442112,-1.1323312073641605,31.901000118255617,,,31.901000118255617,36.166000352412894,27.635999884098336,1.6110400580501192,12.32926456594845,1.888214383806501,-81366800.0,-20.324486686932197,28.150672308188874,-0.09048353931506373
2024-03-05 00:00:00-05:00,26.549999237060547,27.0,26.010000228881836,26.889999389648438,12571300,0.0,0.0,28.581263689363865,-1.7123961503944045,-1.2483441959702093,31.672500133514404,34.20279983520508,,31.672500133514404,36.49077629975428,26.854223967274528,9.21464979385658,8.631977627227265,1.7882145472935267,-93938100.0,-16.021239833778324,28.64225506750448,0.009105775414443597
2024-03-06 00:00:00-05:00,27.299999237060547,27.34000015258789,26.290000915527344,27.059999465942383,10058000,0.0,0.0,19.550040373935005,-1.8137122591579242,-1.3614178086077524,31.423000144958497,33.94979984283447,,31.423000144958497,36.65775508752867,26.188245202388323,10.994755091471836,7.273481647792845,1.7139287676130022,-83880100.0,-12.228350525764395,28.257795538413205,0.017269100997628226
2024-03-07 00:00:00-05:00,27.149999618530273,27.59000015258789,26.649999618530273,27.34000015258789,6515600,0.0,0.0,20.597245414988492,-1.8500856541643707,-1.459151377719076,31.16400012969971,33.712399864196776,,31.16400012969971,36.67549034388329,25.652509915516127,14.943820008002293,11.717741631110236,1.6932145527430944,-77364500.0,-11.863314799709334,27.329449939677858,0.0628408720797048
2024-03-08 00:00:00-05:00,27.6299991607666,28.1200008392334,26.985000610351562,27.059999465942383,7705500,0.0,0.0,22.013092025177627,-1.8798359682275851,-1.543288295820778,30.84650011062622,33.41079986572266,,30.84650011062622,36.541755241621715,25.15124497963073,14.15093296852078,13.363169355998302,1.6835716792515345,-85070000.0,-13.435702918066442,31.182747729852224,0.01015896267361111
2024-03-11 00:00:00-04:00,27.010000228881836,27.540000915527344,26.799999237060547,27.100000381469727,6792600,0.0,0.0,26.30058446069917,-1.878531030505961,-1.6103368427578149,30.510500144958495,33.09819988250732,,30.510500144958495,36.259775855655306,24.76122443426168,14.690028859572616,14.594927278698563,1.5742859159197127,-78277400.0,-17.978209350672504,31.708743666287234,-0.08555380247147404
2024-03-12 00:00:00-04:00,27.020000457763672,27.06999969482422,25.579999923706055,25.979999542236328,16860700,0.0,0.0,26.47915209407759,-1.9454456786628391,-1.6773586099388198,30.104500198364256,32.764199867248536,,30.104500198364256,35.93277125213681,24.276229144591703,5.09553629417,11.312166040754464,1.5800001961844308,-95138100.0,-16.247584916672476,30.595155802938493,-0.3618642488384975
2024-03-13 00:00:00-04:00,25.829999923706055,26.850000381469727,25.690000534057617,26.18000030517578,12050000,0.0,0.0,26.550394832121967,-1.9597468871135035,-1.7338362653737567,29.75800018310547,32.46999988555908,,29.75800018310547,35.65749084775474,23.858509518456206,7.643316589971818,9.142960581238144,1.5914287567138672,-83088100.0,-10.617960099492095,31.13812962105048,-0.25607627937225713
2024-03-14 00:00:00-04:00,25.979999542236328,26.09000015258789,25.385000228881836,26.0,9077400,0.0,0.0,24.36648072193674,-1.962977238453682,-1.779664459989742,29.312500190734863,32.21419986724854,,29.312500190734863,34.91191769722622,23.713082684243503,7.644496771732453,6.7944498852914235,1.578214509146554,-92165500.0,-11.323327862824941,31.15628629789201,-0.25528074114510185
2024-03-15 00:00:00-04:00,25.809999465942383,26.200000762939453,25.639999389648438,26.09000015258789,8941400,0.0,0.0,9.451587416400514,-1.935958530169561,-1.810923274025706,28.866000175476074,31.997399864196776,,28.866000175476074,33.94952806117474,23.782472289777406,11.199363227348986,8.829058863017751,1.4589289256504603,-83224100.0,-9.754409234549518,22.561570997794007,-0.19678313160613348
2024-03-18 00:00:00-04:00,26.06999969482422,26.31999969482422,25.5,26.06999969482422,6650500,0.0,0.0,12.328781440027129,-1.894323299168338,-1.8276032790542325,28.47450008392334,31.777799873352052,,28.47450008392334,33.112142805017136,23.83685736282954,13.391974517970281,10.745278172350574,1.1382145200456892,-89874600.0,-3.480194469056217,29.356681328593254,-0.060479446483170086
2024-03-19 00:00:00-04:00,25.799999237060547,26.059999465942383,25.1299991607666,26.0,6095400,0.0,0.0,16.496960675239762,-1.8456993952739467,-1.8312225022981754,28.173500061035156,31.542199897766114,,28.173500061035156,32.619723178037866,23.72727694403245,17.901249587918556,14.16419577774594,1.0653573444911413,-95970000.0,-3.3097783928959528,31.92232857243016,-0.07555059916348876
2024-03-20 00:00:00-04:00,25.979999542236328,27.2549991607666,25.6200008392334,27.149999618530273,8877900,0.0,0.0,32.006646298433736,-1.69483227142522,-1.8039444561235842,27.989500045776367,31.30559989929199,,27.989500045776367,32.274497535241615,23.704502556311116,47.03144172017531,26.108221942021384,1.1035714830671037,-87092100.0,0.3325948054846213,39.22035993546477,0.06821575154803519
2024-03-21 00:00:00-04:00,27.610000610351562,28.475000381469727,27.479999542236328,27.56999969482422,9451000,0.0,0.0,38.90729219231869,-1.523812925897218,-1.747918150078311,27.817000007629396,31.139599914550782,,27.817000007629396,31.85921511392983,23.77478490132896,68.92655093266092,44.619747413584925,1.1185715539114816,-77641100.0,0.8412565506681511,46.88374509803397,0.04523116048169452
2024-03-22 00:00:00-04:00,27.290000915527344,27.434999465942383,26.950000762939453,26.989999771118164,5584000,0.0,0.0,49.78813097005547,-1.418725820882912,-1.6820796842392314,27.603499984741212,30.93679988861084,,27.603499984741212,31.31778741399532,23.889212555487106,55.60537912032771,57.18779059105464,1.0171429770333427,-83225100.0,-0.2586832823567499,50.45265850337355,0.07668062049734514
2024-03-25 00:00:00-04:00,26.940000534057617,27.450000762939453,26.871000289916992,27.200000762939453,4597800,0.0,0.0,53.222464022129984,-1.303472587454248,-1.606358264882235,27.311499977111815,30.784399909973146,,27.311499977111815,30.003893235368025,24.619106718855605,61.883433385944585,62.1384544796444,0.9870715822492327,-78627300.0,0.3690050924800142,57.72554761500257,0.09616408702108152
2024-03-26 00:00:00-04:00,27.6299991607666,27.75,26.549999237060547,26.700000762939453,7642600,0.0,0.0,46.49807057405571,-1.23820612152063,-1.532727836209914,27.095499992370605,30.626599922180176,,27.095499992370605,29.15362880666137,25.03737117807984,46.93575573173735,54.80818941266988,0.9977859769548688,-86269900.0,2.7713673340625014,50.21724270555296,0.11136863039374371
2024-03-27 00:00:00-04:00,27.049999237060547,27.21500015258789,25.1200008392334,26.989999771118164,11107600,0.0,0.0,46.601940309286555,-1.149826990902877,-1.4561476671485065,26.980499935150146,30.484399948120117,,26.980499935150146,28.760582325836513,25.20041754446378,55.73768068648642,54.85228993472278,1.0802858897617884,-75162300.0,3.0939627826598843,42.91147060091268,0.05997624012459922
2024-03-28 00:00:00-04:00,27.149999618530273,27.850000381469727,26.68000030517578,26.700000762939453,5777500,0.0,0.0,46.51164166106352,-1.0906144648217087,-1.383041026683147,26.84949998855591,30.35879997253418,,26.84949998855591,28.24976268561578,25.449237291496036,47.09389386839918,49.92244342887432,1.0827858788626534,-80939800.0,2.6923106266902046,41.92856221435656,0.012417898287248638
2024-04-01 00:00:00-04:00,26.700000762939453,26.92799949645996,25.84000015258789,26.610000610351562,6277300,0.0,0.0,45.297507890234854,-1.0389737290406593,-1.3142275671546495,26.734500026702882,30.233600006103515,,26.734500026702882,27.746084990273733,25.72291506313203,44.41132561600831,49.0809667236313,1.1076428549630302,-87217100.0,1.9931025478054378,42.17194020812761,-0.02182394389892871
2024-04-02 00:00:00-04:00,25.899999618530273,26.270000457763672,25.489999771118164,26.25,7419800,0.0,0.0,53.033712488459464,-1.0153923040659976,-1.2544605145369192,26.69650001525879,30.09580001831055,,26.69650001525879,27.72151909647394,25.671480934043636,33.68105260644485,41.72875736361745,1.0790714536394392,-94636900.0,0.690449970398417,45.78729513634617,0.010039475175307414
2024-04-03 00:00:00-04:00,25.989999771118164,26.139999389648438,25.559999465942383,25.760000228881836,5646700,0.0,0.0,45.56961923444495,-1.024433707219881,-1.2084551530735115,26.64000005722046,29.92659999847412,,26.64000005722046,27.741807136703045,25.53819297773787,19.075990371725528,32.38945619805956,1.0455000741141183,-100283600.0,-0.9230760427621695,37.075354467411735,-0.030168552317320137
2024-04-04 00:00:00-04:00,25.989999771118164,26.364999771118164,25.280000686645508,25.31999969482422,6205800,0.0,0.0,43.19999694824218,-1.0549427271402578,-1.1777526678868608,26.553000068664552,29.747400016784667,,26.553000068664552,27.78255034889029,25.323449788438815,5.961218565696372,19.572753847955585,1.0662142889840263,-106489400.0,-6.740331305408391,38.12422585990558,-0.21477559018382011
2024-04-05 00:00:00-04:00,25.1200008392334,25.600000381469727,24.889999389648438,25.360000610351562,5455800,0.0,0.0,42.62626838664532,-1.0636327098604177,-1.1549286762815723,26.454000091552736,29.59400005340576,,26.454000091552736,27.734532846734375,25.173467336371097,13.11021173426092,12.715806890560941,1.0769285474504744,-101033600.0,-8.015956144125546,30.468953387507497,-0.19238614170203747
2024-04-08 00:00:00-04:00,25.600000381469727,26.350000381469727,25.549999237060547,26.209999084472656,5341500,0.0,0.0,51.21106764027265,-0.990513784314011,-1.1220456978880602,26.41150007247925,29.46060001373291,,26.41150007247925,27.66345062375284,25.15954952120566,36.82006498284451,18.6304984276006,1.089071410042899,-95692100.0,-2.889961812745852,36.368848875039895,-0.09616310427883629
2024-04-09 00:00:00-04:00,26.559999465942383,27.1299991607666,26.329999923706055,27.079999923706055,5229700,0.0,0.0,58.20668644550505,-0.85253719411158,-1.0681439971327642,26.410500049591064,29.34,,26.410500049591064,27.660164867233856,25.160835231948273,61.08786410530477,37.0060469408034,1.0876428059169225,-90462400.0,-0.4411795436303884,42.19063272848212,-0.06887826331364616
2024-04-10 00:00:00-04:00,26.31999969482422,26.575000762939453,25.729999542236328,25.920000076293945,6222600,0.0,0.0,40.667681989708996,-0.8272559537851549,-1.0199663884632424,26.407500076293946,29.166400032043455,,26.407500076293946,27.661795834527567,25.153204318060325,28.73083407774,42.21292105529642,1.0672858101981026,-96685000.0,-2.9213508028365918,33.77336600798614,-0.018084836666162667
2024-04-11 00:00:00-04:00,26.18000030517578,26.549999237060547,25.799999237060547,26.049999237060547,4366500,0.0,0.0,37.93650284255531,-0.7876509925134414,-0.9735033092732823,26.401000022888184,29.017200050354003,,26.401000022888184,27.66159140237237,25.140408643403998,39.18917090289086,43.00262302864521,1.026214327130999,-92318500.0,-3.4827734050724453,29.46505342943074,-0.02904274516338317
2024-04-12 00:00:00-04:00,25.84000015258789,25.850000381469727,25.200000762939453,25.309999465942383,7598200,0.0,0.0,36.996899819894296,-0.8066767055377468,-0.9401379885261754,26.366499996185304,28.875400009155275,,26.366499996185304,27.70844333436409,25.024556658006517,14.18918701224891,27.369730664293257,1.0426428658621651,-99916700.0,-5.205997218271399,28.935366673599944,-0.04080140702313579
2024-04-15 00:00:00-04:00,25.270000457763672,25.399999618530273,24.139999389648438,24.43000030517578,7311100,0.0,0.0,30.575024370200197,-0.8825893572784871,-0.9286282622766378,26.283500003814698,28.7246000289917,,26.283500003814698,27.878865366937166,24.68813464069223,7.816734177878977,20.39836403100625,1.0912857055664062,-107227800.0,-8.192409827783841,23.032943907140435,-0.130750793188966
2024-04-16 00:00:00-04:00,24.09000015258789,24.204999923706055,23.469999313354492,23.940000534057617,6504900,0.0,0.0,30.61796782097919,-0.9710953840331804,-0.9371216866279464,26.177000045776367,28.546600036621093,,26.177000045776367,28.085938472748477,24.268061618804257,10.730618860450917,10.912180016859601,1.0741428647722517,-113732700.0,-8.799997965494793,23.536271996051894,-0.19233127630729968
2024-04-17 00:00:00-04:00,24.020000457763672,24.270000457763672,23.700000762939453,23.719999313354492,4150800,0.0,0.0,26.808504882001387,-1.0469210535519728,-0.9590815600127517,26.063000011444093,28.39180004119873,,26.063000011444093,28.2660993372372,23.859900685650985,5.707761165171997,8.085038067833963,0.9652143205915179,-117883500.0,-7.919258142086957,30.303059072483407,-0.20109726569255917
2024-04-18 00:00:00-04:00,23.59000015258789,23.93000030517578,23.329999923706055,23.43000030517578,4578000,0.0,0.0,26.808504882001387,-1.1175317291430353,-0.9907715938388084,25.877000045776366,28.219400062561036,,25.877000045776366,28.30984637962435,23.444153711928383,2.631589514398979,6.356656513340631,0.9245000566755023,-122461500.0,-7.464452655719349,23.53463829968976,-0.14766874901945767
2024-04-19 00:00:00-04:00,23.100000381469727,23.700000762939453,22.75,22.889999389648438,5726300,0.0,0.0,25.19999186197917,-1.203195075313225,-1.0332562901336917,25.643000030517577,28.02680004119873,,25.643000030517577,28.281772714322194,23.00422734671296,3.196333709432363,3.8452281296677797,0.9146430151803153,-128187800.0,-9.739752213156132,23.920077816655635,-0.19974916936914225
2024-04-22 00:00:00-04:00,22.979999542236328,23.100000381469727,22.39299964904785,22.889999389648438,6220000,0.0,0.0,26.470581949748578,-1.2565986077791749,-1.0779247536627883,25.438000011444093,27.816400032043457,,25.438000011444093,28.266387319687883,22.609612703200302,10.491868098594272,5.4399304408085385,0.8851430075509208,-128187800.0,-12.666920300623188,24.529217105280864,-0.29108962741615807
2024-04-23 00:00:00-04:00,22.90999984741211,23.631000518798828,22.6200008392334,23.100000381469727,7039200,0.0,0.0,30.61224773509322,-1.2673665542920638,-1.1158131137886436,25.232999992370605,27.602000045776368,,25.232999992370605,28.11744194700646,22.34855803773475,14.92507505379392,9.537758953940186,0.9080715179443359,-121148600.0,-14.697191851733365,32.356645616099755,-0.32433792973177183
2024-04-24 00:00:00-04:00,23.360000610351562,23.690000534057617,23.010000228881836,23.56999969482422,5558500,0.0,0.0,37.30043428865025,-1.223867233209301,-1.137423937672775,25.076499938964844,27.39140007019043,,25.076499938964844,27.965450176111506,22.18754970181818,24.846953073662238,16.754632075350145,0.8791430337088448,-115590100.0,-9.066359469724704,39.34692912274844,-0.25401283103204575
2024-04-25 00:00:00-04:00,22.799999237060547,23.3700008392334,22.65999984741211,23.31999969482422,5414700,0.0,0.0,35.63379328204803,-1.1957823835494814,-1.1490956268481165,24.892999935150147,27.195600051879882,,24.892999935150147,27.736053351809105,22.04994651849119,19.569350671940832,19.780459599799,0.8934286662510463,-121004800.0,-10.479844998814588,39.600194644385425,-0.17274253758914423
2024-04-26 00:00:00-04:00,23.6200008392334,24.405000686645508,23.209999084472656,24.1299991607666,6675700,0.0,0.0,35.26912123903105,-1.095536092275875,-1.1383837199336684,24.764499855041503,26.980000038146972,,24.764499855041503,27.49370634259934,22.035293367483668,36.66877117934313,27.0283583083154,0.908071654183524,-114329100.0,-4.662190162285906,40.22009971579313,-0.038014174369808355
2024-04-29 00:00:00-04:00,24.420000076293945,25.059999465942383,24.3700008392334,24.989999771118164,6233200,0.0,0.0,35.17730227826732,-0.9359067715944285,-1.0978883302658204,24.683499813079834,26.779400024414063,,24.683499813079834,27.274758612401797,22.09224101375787,62.09946031443423,39.445860721906065,0.9087859562465123,-108095900.0,2.29226139560768,40.64130501383528,0.13888836231053506
2024-04-30 00:00:00-04:00,24.65999984741211,24.825000762939453,24.219999313354492,24.270000457763672,5481100,0.0,0.0,37.51891117784428,-0.8576113029338863,-1.0498329247994336,24.584499835968018,26.586800003051756,,24.584499835968018,27.073020607997897,22.095979063938138,45.15277831944996,47.97366993774244,0.8673573902675084,-113577000.0,1.3784457658494573,41.219211333815636,0.11013165344398816
2024-05-01 00:00:00-04:00,24.18000030517578,25.31999969482422,24.020000457763672,24.549999237060547,5040400,0.0,0.0,38.90532268904623,-0.7641592661427268,-0.9926981930680923,24.523999786376955,26.437399978637696,,24.523999786376955,26.950245673750626,22.097753899003283,62.39511515814935,56.549117930677845,0.9066430500575474,-108536600.0,3.4991566093290736,41.51402043732355,0.17992376479024255
2024-05-02 00:00:00-04:00,24.690000534057617,24.860000610351562,23.889999389648438,24.15999984741211,8487900,0.0,0.0,41.02964127848936,-0.7133445531171354,-0.9368274650779009,24.465999794006347,26.303999977111815,,24.465999794006347,26.867458928191116,22.064540659821578,58.76289379106318,55.43692908955416,0.9152146748134068,-117024500.0,3.115661684712263,41.24836408599639,0.13041451608786517
2024-05-03 00:00:00-04:00,24.889999389648438,25.114999771118164,24.395000457763672,24.739999771118164,5753200,0.0,0.0,52.53682104539584,-0.6191353731790237,-0.8732890466981256,24.43499975204468,26.178399963378908,,24.43499975204468,26.80365012718311,22.066349376906246,80.18449215458712,67.11416703459987,0.8934289387294224,-111271300.0,8.082133817383822,49.246608024053565,0.14089389055669552
2024-05-06 00:00:00-04:00,25.040000915527344,25.530000686645508,25.0,25.489999771118164,4918200,0.0,0.0,62.16640107506212,-0.47844002851891787,-0.7943192430622841,24.398999786376955,26.06299995422363,,24.398999786376955,26.674099752156135,22.123899820597774,98.7248676347912,79.22408452681383,0.8812860761369977,-106353100.0,11.35867387853897,56.430500316259966,0.20806034212982574
2024-05-07 00:00:00-04:00,25.389999389648438,25.59000015258789,25.200000762939453,25.31999969482422,4013800,0.0,0.0,62.658235297490656,-0.3763175847600202,-0.7107189114018314,24.31099977493286,25.90859992980957,,24.31099977493286,26.26262411122777,22.35937543863795,91.55456943266977,90.15464307401602,0.8684289114815849,-110366900.0,9.61038647919384,56.48955534130526,0.19127027169302227
2024-05-08 00:00:00-04:00,24.799999237060547,24.799999237060547,23.950000762939453,24.100000381469727,7643800,0.0,0.0,54.620691396960915,-0.38934048618790484,-0.646443226359046,24.21999979019165,25.77019992828369,,24.21999979019165,26.019531728890787,22.420467851492514,53.39382119370056,81.22441942038716,0.9234288079398019,-118010700.0,2.2486240708857186,54.32117392537679,0.07286406332780059
2024-05-09 00:00:00-04:00,23.75,24.520000457763672,23.579999923706055,24.15999984741211,16469900,0.0,0.0,59.379623984484255,-0.3903204032862817,-0.5952186617444932,24.12549982070923,25.667599906921385,,24.12549982070923,25.705512767048017,22.545486874370443,55.27056365514045,66.73965142717026,0.9227145058768136,-101540800.0,3.6020590204995817,48.04966398359673,0.05738673691795304
2024-05-10 00:00:00-04:00,24.0,24.440000534057617,21.639999389648438,21.690000534057617,26497400,0.0,0.0,43.506496857517895,-0.5836770311006241,-0.5929103356157194,23.94449987411499,25.514999923706053,,23.94449987411499,25.764360602026365,22.124639146203613,1.2658515126961791,36.64341212051239,1.0722145353044783,-128038200.0,-10.111888568468007,40.05806584205336,-0.23991836275297684
2024-05-13 00:00:00-04:00,21.889999389648438,23.075000762939453,21.604999542236328,22.690000534057617,12250000,0.0,0.0,47.95613133975049,-0.6487435966976101,-0.6040769878320975,23.857499885559083,25.390599937438964,,23.857499885559083,25.744751858426774,21.97024791269139,27.227122349814863,27.921179172550495,1.1050003596714564,-115788200.0,-9.203678503905943,32.791607844756015,-0.20047266161371213
2024-05-14 00:00:00-04:00,23.06999969482422,24.149999618530273,23.0,23.030000686645508,10960200,0.0,0.0,47.27273112595847,-0.6652060664409696,-0.616302803553872,23.811999893188478,25.310999946594237,,23.811999893188478,25.73442783307552,21.889571953301434,35.75911985327059,21.41736457192721,1.160714558192662,-104828000.0,-5.109187258879937,35.63292435727129,-0.15917251949929356
2024-05-15 00:00:00-04:00,23.299999237060547,23.399999618530273,21.8799991607666,22.3799991607666,12469300,0.0,0.0,45.43688942837858,-0.7223752904816259,-0.6375173009394228,23.744999885559082,25.2207999420166,,23.744999885559082,25.771513385964585,21.71848638515358,19.447917185184618,27.478053129423355,1.2042860303606306,-117297300.0,-8.839104455115928,33.862636188309736,-0.2698410055324874
2024-05-16 00:00:00-04:00,22.469999313354492,22.530000686645508,22.040000915527344,22.09000015258789,8320900,0.0,0.0,39.57055388212856,-0.7820676200493075,-0.6664273647613999,23.677999877929686,25.12139995574951,,23.677999877929686,25.83290199830271,21.523097757556663,12.170653351763855,22.459230130073013,1.1539287567138672,-125618200.0,-8.567879585669559,28.550640116730875,-0.2679554207336864
2024-05-17 00:00:00-04:00,22.15999984741211,22.15999984741211,21.55500030517578,21.670000076293945,9350100,0.0,0.0,32.226975393150866,-0.8534269428047132,-0.7038272803700625,23.616999912261964,25.00799995422363,,23.616999912261964,25.92915604760414,21.30484377691979,2.8500563932343246,11.489542310060928,1.1307144165039062,-134968300.0,-12.409053044568664,23.305429376245357,-0.3024658847336679
2024-05-20 00:00:00-04:00,21.700000762939453,21.753999710083008,21.219999313354492,21.270000457763672,7439500,0.0,0.0,33.37028205932829,-0.9315183824211353,-0.7493655007802771,23.535999965667724,24.89219997406006,,23.535999965667724,26.05925894125848,21.012740990076967,1.1441907278432255,5.388300157613798,1.1138572692871094,-142407800.0,-16.55550942034934,23.12302434283673,-0.38422133547402115
2024-05-21 00:00:00-04:00,21.1299991607666,21.1299991607666,20.5049991607666,20.559999465942383,9084000,0.0,0.0,28.888887543316486,-1.0387237959135227,-0.8072371598069262,23.408999919891357,24.76139995574951,,23.408999919891357,26.259166062026434,20.55883377775628,1.0816183765596838,1.6919551658790732,1.0756431307111467,-151491800.0,-18.799369219008522,18.917786343054487,-0.42152174592535224
2024-05-22 00:00:00-04:00,20.5,20.920000076293945,20.31999969482422,20.450000762939453,8191700,0.0,0.0,29.770993319078485,-1.1196541583375499,-0.869720559513051,23.25299997329712,24.650799980163573,,23.25299997329712,26.39287623120042,20.113123715393815,2.4668132224489483,1.5642074422839478,1.0492144993373327,-159683500.0,-15.145226393177674,19.136860789611774,-0.3707839193533283
2024-05-23 00:00:00-04:00,20.360000610351562,20.3700008392334,19.46500015258789,19.600000381469727,11849000,0.0,0.0,22.77542300109228,-1.2381078441335944,-0.9433980164371598,23.067000007629396,24.519199981689454,,23.067000007629396,26.605581530057382,19.52841848520141,2.2040853694993623,1.9175056561693264,1.0513574055262975,-171532500.0,-18.87417009413113,14.37240447263936,-0.4813528604605267
2024-05-24 00:00:00-04:00,19.549999237060547,19.65999984741211,19.309999465942383,19.399999618530273,7440500,0.0,0.0,15.748028286261075,-1.3327584241326882,-1.0212700979762654,22.830500030517577,24.38719997406006,,22.830500030517577,26.687842612555976,18.973157448479178,1.4331232921562727,2.0346739613681897,1.0199287959507533,-178973000.0,-10.557864726335929,10.59926116917211,-0.36246757982294425
2024-05-28 00:00:00-04:00,19.389999389648438,19.579999923706055,18.90999984741211,19.079999923706055,13734500,0.0,0.0,15.486723143040834,-1.4172537724469265,-1.1004668328703977,22.535000038146972,24.24699996948242,,22.535000038146972,26.595907197337947,18.474092878955997,2.886249472159831,2.1744860446051506,1.0399288449968611,-192707500.0,-15.910094867265268,7.239831199416585,-0.5504088930722467
2024-05-29 00:00:00-04:00,18.790000915527344,18.924999237060547,18.329999923706055,18.75,14711300,0.0,0.0,17.177910233850312,-1.4936275717643,-1.179098980649178,22.25900001525879,24.100599975585936,,22.25900001525879,26.56626613119205,17.951733899325525,6.785137965386093,3.7015035765673936,0.9956432070050921,-207418800.0,-18.584457486045007,7.062312115676065,-0.5947197382057866
2024-05-30 00:00:00-04:00,18.690000534057617,18.690000534057617,18.1299991607666,18.219999313354492,11896100,0.0,0.0,15.545243876183434,-1.5787224542466198,-1.2590236753686663,21.942500019073485,23.94499996185303,,21.942500019073485,26.46579588085971,17.41920415728726,1.4263095562679815,3.699232331271297,0.9727860859462193,-219314900.0,-18.588025037573832,7.427395773180294,-0.6150991634540035
2024-05-31 00:00:00-04:00,18.190000534057617,18.6200008392334,18.030000686645508,18.270000457763672,11822500,0.0,0.0,22.419366102184014,-1.6234123996089949,-1.3319014202167323,21.648000049591065,23.767399978637695,,21.648000049591065,26.327660829055745,16.968339270126386,3.921565571977179,4.044337697877079,0.8149288722446987,-207492400.0,-17.29289121067162,8.351975005151303,-0.5286707517334138
2024-06-03 00:00:00-04:00,18.489999771118164,18.530000686645508,17.84000015258789,18.030000686645508,8527100,0.0,0.0,7.16913827149412,-1.6590707442458204,-1.39733528502255,21.312500095367433,23.576599998474123,,21.312500095367433,26.020825790139792,16.604174400595074,3.01110222089759,2.786325783047579,0.7592145374843052,-216019500.0,-16.79741290647452,8.693113526891509,-0.5164239492288318
2024-06-04 00:00:00-04:00,17.899999618530273,18.209999084472656,17.850000381469727,17.950000762939453,6237800,0.0,0.0,0.9652726457970289,-1.6744831649350331,-1.4527648610050468,20.935500144958496,23.395800018310545,,20.935500144958496,25.43840892404713,16.43259136586986,1.9784284337681701,2.970365408880975,0.6806430816650391,-222257300.0,-15.608836969311865,0.0,-0.45079859975944
2024-06-05 00:00:00-04:00,18.0,18.0,17.559999465942383,17.6299991607666,8868500,0.0,0.0,1.0309509445893923,-1.6930031874154707,-1.5008125262871315,20.551000118255615,23.20439998626709,,20.551000118255615,24.782649928132557,16.319350308378674,1.4084442179335246,2.1326582908664236,0.6035002299717495,-231125800.0,-14.250974617141035,0.0,-0.4305553164012053
2024-06-06 00:00:00-04:00,17.549999237060547,18.125,17.325000762939453,18.030000686645508,9422200,0.0,0.0,9.072625689730813,-1.6563107392896868,-1.5319121688876427,20.247500133514404,23.03099998474121,,20.247500133514404,24.273086092560458,16.22191417446835,14.581180086882014,5.989350912861231,0.6256430489676339,-221703600.0,-11.833740762883464,6.30408410531372,-0.3271809615915734
2024-06-07 00:00:00-04:00,17.760000228881836,17.81999969482422,17.190000534057617,17.270000457763672,9142800,0.0,0.0,8.490608476033472,-1.669314557571571,-1.5593926466244286,19.903000164031983,22.83659999847412,,19.903000164031983,23.69105956773184,16.114940760332125,1.7528470234239504,5.914157109413158,0.6424288068498883,-230846400.0,-11.887754481417705,6.411055645257221,-0.29551425780981333
2024-06-10 00:00:00-04:00,17.229999542236328,18.0,17.200000762939453,17.969999313354492,9728100,0.0,0.0,20.5357261458133,-1.6046388420179767,-1.5684418857031384,19.717000102996828,22.661999969482423,,19.717000102996828,23.500922413049732,15.933077792943923,19.796930232648204,12.043652447651384,0.661428724016462,-221118300.0,-7.3711357386310965,12.927245893594886,-0.12876922971696617
2024-06-11 00:00:00-04:00,17.860000610351562,17.90999984741211,17.312999725341797,17.56999969482422,7330700,0.0,0.0,21.739147678822846,-1.567589304050852,-1.568271369372681,19.461000061035158,22.481199951171874,,19.461000061035158,23.08753913874866,15.834460983321653,10.187646311044112,10.57914118903875,0.6537143162318638,-228449000.0,-7.91404735282901,13.225213134876867,-0.1270208949438257
2024-06-12 00:00:00-04:00,18.06999969482422,18.559999465942383,17.81999969482422,17.90999984741211,8852800,0.0,0.0,26.99276313789015,-1.4935751033966511,-1.5533321161774754,19.205000019073488,22.314399948120116,,19.205000019073488,22.476185149805612,15.933814888341363,22.64148566849564,17.542020737395983,0.6815714154924665,-219596200.0,-4.480000813802083,19.51238038211649,-0.1433864279228272
2024-06-13 00:00:00-04:00,17.90999984741211,17.93000030517578,16.709999084472656,16.780000686645508,10573900,0.0,0.0,25.689670594487367,-1.508708353846714,-1.5444073637113231,18.92500009536743,22.13479995727539,,18.92500009536743,22.00498987063242,15.845010320102439,2.3729350531794524,11.734022344239728,0.698357173374721,-230170100.0,-7.903395614584497,19.928046863446454,-0.225716852971362
2024-06-14 00:00:00-04:00,16.75,16.75,16.165000915527344,16.399999618530273,9782600,0.0,0.0,24.916402040798104,-1.5336851070250823,-1.542262912374075,18.64050006866455,21.95639995574951,,18.64050006866455,21.535130217448906,15.745869919880194,6.881369582835085,10.631930101503388,0.7172857012067523,-239952700.0,-10.235362848273812,19.801587127006897,-0.28854536959131527
2024-06-17 00:00:00-04:00,16.34000015258789,16.545000076293945,15.970000267028809,16.459999084472656,6343400,0.0,0.0,27.097907286234516,-1.5309896131491953,-1.540008252529099,18.380000019073485,21.778399925231934,,18.380000019073485,21.056179790227656,15.703820247919314,16.582030058663094,8.612111564892539,0.7104999678475517,-233609300.0,-8.707717927796436,21.139604923924423,-0.20749966889237892
2024-06-18 00:00:00-04:00,16.31999969482422,16.579999923706055,16.049999237060547,16.079999923706055,5790300,0.0,0.0,26.863093744659352,-1.5417439072603045,-1.5403553834753403,18.120499992370604,21.5757999420166,,18.120499992370604,20.61724730465619,15.623752680085019,4.044104627879474,9.169168089792546,0.6947857311793736,-239399600.0,-10.41783153064987,22.885178483507218,-0.24432569203442603
2024-06-20 00:00:00-04:00,15.949999809265137,15.989999771118164,15.380000114440918,15.529999732971191,9030300,0.0,0.0,26.770304732611393,-1.5764745642178326,-1.5475792196238387,17.869000005722047,21.344799938201906,,17.869000005722047,20.344343170379684,15.393656841064411,4.629616820220952,8.418583835587835,0.7004999433244977,-248429900.0,-11.911511785370363,23.721072678307465,-0.24552000361715437
2024-06-21 00:00:00-04:00,15.40999984741211,16.045000076293945,15.229999542236328,15.970000267028809,8930200,0.0,0.0,31.391588007841108,-1.550619913086308,-1.5481873583163328,17.644999980926514,21.145799942016602,,17.644999980926514,19.94126252070326,15.348737441149769,22.222244496898124,10.298655314999513,0.716571399143764,-239499700.0,-11.425403999804082,31.517303877845222,-0.23373711190003582
2024-06-24 00:00:00-04:00,15.939000129699707,16.854999542236328,15.800000190734863,16.700000762939453,11408400,0.0,0.0,40.02998854447324,-1.4544588800406864,-1.5294416626612037,17.5,20.95879997253418,,17.5,19.637209194081336,15.362790805918664,44.144181813287176,23.66534771013541,0.7426427432468959,-228091300.0,-3.3005192803453416,40.0909720197769,-0.054337774057852194
2024-06-25 00:00:00-04:00,16.700000762939453,16.700000762939453,15.899999618530273,16.020000457763672,8940400,0.0,0.0,36.72627457153539,-1.416789047952978,-1.5069111397195587,17.33100004196167,20.772999992370604,,17.33100004196167,19.36779733646611,15.294202747457227,23.723751760574473,30.03005935691992,0.774071489061628,-237031700.0,-10.851413077916309,39.46879210586547,-0.24299191410521684
2024-06-26 00:00:00-04:00,15.899999618530273,16.690000534057617,15.850000381469727,16.459999084472656,5490800,0.0,0.0,42.08389598832156,-1.3360302970590077,-1.4727349711874487,17.2,20.613599967956542,,17.2,19.095257357972297,15.304742642027701,36.936924036545484,34.93495253680237,0.8026428903852191,-231540900.0,-6.317590379233456,45.19278160944345,-0.1259974148925607
2024-06-27 00:00:00-04:00,16.40999984741211,16.764999389648438,16.239999771118164,16.540000915527344,5931200,0.0,0.0,39.46251884417365,-1.2511504424903208,-1.4284180654480232,17.08950004577637,20.46559997558594,,17.08950004577637,18.857692470726352,15.321307620826385,39.33938148061807,33.33335242591267,0.7830000604901995,-225609700.0,-7.649352001991907,43.237617973456246,-0.09119775793793304
2024-06-28 00:00:00-04:00,16.600000381469727,16.65999984741211,16.06999969482422,16.260000228881836,9041000,0.0,0.0,42.336872492444414,-1.192727244341384,-1.3812799012266954,16.991500091552734,20.316399993896486,,16.991500091552734,18.712506998601267,15.2704931845042,30.930952259578127,35.73575259224722,0.7651429176330566,-234650700.0,-3.098929895619839,43.49667912465067,0.014584812905630039
2024-07-01 00:00:00-04:00,16.270000457763672,16.350000381469727,15.755000114440918,15.8100004196167,5884600,0.0,0.0,32.96531138137895,-1.1692591708117561,-1.3388757551437076,16.868500089645387,20.163999996185304,,16.868500089645387,18.556080478749138,15.180919700541638,17.41744416422902,29.229259301475068,0.750500134059361,-240535300.0,-3.597556174616841,36.110701892349304,-0.0012977394003968166
2024-07-02 00:00:00-04:00,15.859999656677246,16.139999389648438,15.710000038146973,16.010000228881836,5116200,0.0,0.0,37.29642397058335,-1.121593211941903,-1.295419246503347,16.7675000667572,20.026400012969972,,16.7675000667572,18.403385420972533,15.131614712541868,23.4234445800654,23.923947001290845,0.734285831451416,-235419100.0,-2.7338935639147235,37.04819951466838,0.0030930505101805774
2024-07-03 00:00:00-04:00,16.079999923706055,16.100000381469727,15.720000267028809,15.729999542236328,3792000,0.0,0.0,32.0723713104736,-1.0938026355575623,-1.2550959243141901,16.656500005722044,19.88320001602173,,16.656500005722044,18.255397876695113,15.057602134748976,18.51851328573911,19.78646734334451,0.6907144274030413,-239211100.0,-2.176619298074349,29.910798234807572,-0.013403432221982049
2024-07-05 00:00:00-04:00,15.729999542236328,15.9399995803833,15.510000228881836,15.710000038146973,4406000,0.0,0.0,39.23541066023209,-1.0611598066874137,-1.216308700788835,16.560500049591063,19.735400009155274,,16.560500049591063,18.143774149660427,14.9772259495217,29.53849205603966,23.82681664061472,0.6342857224600655,-243617100.0,1.159048990797012,31.987176662399847,0.04814268975424581
2024-07-08 00:00:00-04:00,15.800000190734863,16.530000686645508,15.529999732971191,16.149999618530273,8722600,0.0,0.0,47.514910876018945,-0.9883922698874912,-1.1707254146085662,16.466499996185302,19.587000007629396,,16.466499996185302,17.89842571033881,15.034574282031794,56.61538931039664,34.8907982173918,0.6617858069283622,-234894500.0,1.127109257932113,41.20439990203904,0.015199515255056554
2024-07-09 00:00:00-04:00,16.040000915527344,16.190000534057617,15.154999732971191,15.520000457763672,9830100,0.0,0.0,41.60715569038693,-0.9703732807192225,-1.1306549878306975,16.378999996185303,19.431000022888185,,16.378999996185303,17.818047694896055,14.939952297474552,21.470633279086087,35.87483821517412,0.6946430206298828,-244724600.0,-7.065869768068701,39.9498319563775,-0.1781132023323484
2024-07-10 00:00:00-04:00,15.600000381469727,15.619999885559082,15.170000076293945,15.380000114440918,7038000,0.0,0.0,43.4701529383569,-0.95636557265337,-1.0957971047952322,16.249500036239624,19.25600004196167,,16.249500036239624,17.544664644351883,14.954335428127367,13.235318042005431,30.440446877162714,0.6889286722455706,-251762600.0,-3.995008271130196,39.60500653346475,-0.11474106794795902
2024-07-11 00:00:00-04:00,15.8100004196167,17.100000381469727,15.729999542236328,16.520000457763672,18465400,0.0,0.0,58.319331421604225,-0.8435519213093237,-1.0453480680980505,16.197000074386597,19.08660005569458,,16.197000074386597,17.34336459617184,15.050635552601356,70.17996245123148,34.96197125744099,0.7617858478001186,-233297200.0,0.36452841208002984,52.762204174192476,-0.08376187940934147
2024-07-12 00:00:00-04:00,16.899999618530273,17.350000381469727,16.809999465942383,17.110000610351562,12134400,0.0,0.0,59.344263063967304,-0.698486490889632,-0.9759757526563668,16.15700011253357,18.943400058746338,,16.15700011253357,17.087129927713267,15.226870297353873,89.06607288328898,57.49378445884196,0.7628572327750069,-221162800.0,3.4461890161633377,54.43382804973751,-0.0718474468456115
2024-07-15 00:00:00-04:00,17.3700008392334,17.520000457763672,16.559999465942383,16.93000030517578,8460600,0.0,0.0,52.07206752081501,-0.5912302778296592,-0.8990266576910253,16.164500093460084,18.791000080108642,,16.164500093460084,17.117909111045503,15.211091075874666,75.05285531615806,78.09963021689283,0.7560716356549945,-229623400.0,4.120541616622226,45.540606262220194,-0.08205839693922418
2024-07-16 00:00:00-04:00,17.0,17.81999969482422,16.989999771118164,17.649999618530273,11652300,0.0,0.0,64.57959853553844,-0.44302412262527824,-0.807826150677876,16.227000093460084,18.660800075531007,,16.227000093460084,17.38692934702307,15.0670708398971,93.6210101790868,85.9133127928446,0.7625000817435128,-217971100.0,11.638198292711897,54.8487287948301,0.07003357445977744
2024-07-17 00:00:00-04:00,17.389999389648438,18.329999923706055,17.389999389648438,18.09000015258789,13622900,0.0,0.0,64.57961062123243,-0.2867597234078474,-0.7036128652238703,16.308500146865846,18.5278000831604,,16.308500146865846,17.735639789974808,14.881360503756884,92.4409525448685,87.03827268003778,0.7696429661342076,-204348200.0,12.991879412679591,58.245784521937324,0.13484551025154273
2024-07-18 00:00:00-04:00,17.989999771118164,18.364999771118164,16.309999465942383,16.3700008392334,17032900,0.0,0.0,48.8243424131576,-0.2982703561585609,-0.6225443634108084,16.323000192642212,18.345400104522707,,16.323000192642212,17.74625227824423,14.899748107040194,37.85050130290924,74.63748800895483,0.8789287294660296,-221381100.0,4.068666977889063,48.91552731693211,-0.02081152585835611
2024-07-19 00:00:00-04:00,16.18000030517578,16.420000076293945,15.869999885559082,16.209999084472656,8332400,0.0,0.0,49.648374542075416,-0.3166532385377998,-0.5613661384362068,16.357000160217286,18.163200092315673,,16.357000160217286,17.732164872768347,14.981835447666224,32.8660230206876,54.38582562282176,0.8760715893336705,-229713500.0,3.182680108921626,49.198612626755136,-0.01541628890533342
2024-07-22 00:00:00-04:00,16.3700008392334,16.540000915527344,15.970000267028809,16.469999313354492,6176500,0.0,0.0,54.76877742416188,-0.3067064387983365,-0.5104341985086327,16.382000112533568,18.01060007095337,,16.382000112533568,17.745673200038688,15.018327025028448,40.96571852822802,37.22741428394161,0.8742859022957938,-223537000.0,1.981422305775511,53.54700515929665,-0.043010893826161876
2024-07-23 00:00:00-04:00,16.360000610351562,17.104999542236328,16.360000610351562,16.920000076293945,6249200,0.0,0.0,56.34588281487338,-0.2595206352489008,-0.46025148585668635,16.393000078201293,17.865800075531006,,16.393000078201293,17.770948204792425,15.01505195161016,54.98443371800178,42.93872508897246,0.8967858723231724,-217287800.0,9.020615832713732,57.62943123079479,0.07547149440925824
2024-07-24 00:00:00-04:00,16.739999771118164,17.18000030517578,15.579999923706055,15.600000381469727,8909500,0.0,0.0,49.20828778890462,-0.3248933216819161,-0.43317985302173234,16.372000074386598,17.74400007247925,,16.372000074386598,17.78620766258435,14.957792486188847,13.86294838661184,36.60436687761387,0.983928748539516,-226197300.0,1.4304308543030584,55.57987018622759,-0.023622110067493082
2024-07-25 00:00:00-04:00,15.5,16.690000534057617,15.40999984741211,16.18000030517578,8194100,0.0,0.0,52.67959060083974,-0.32614095022488243,-0.41177207246236236,16.358000135421754,17.61380006790161,,16.358000135421754,17.774082191974603,14.941918078868905,31.931481620675896,33.592954575096506,1.0446431296212333,-218003200.0,-2.058112246771189,54.136566468459286,-0.02681234991709571
2024-07-26 00:00:00-04:00,16.510000228881836,16.780000686645508,16.239999771118164,16.610000610351562,7310500,0.0,0.0,52.62557579705815,-0.28909971234310206,-0.38723760043851035,16.361500120162965,17.485400066375732,,16.361500120162965,17.779820462144542,14.943179778181388,45.32712959780197,30.373853201696562,1.0160716601780482,-210692700.0,-2.9222675754757113,53.767773724441824,-0.03773594197419417
2024-07-29 00:00:00-04:00,16.729999542236328,16.926000595092773,16.30500030517578,16.350000381469727,4987000,0.0,0.0,54.94636237609627,-0.27752497485543515,-0.3652950753218953,16.366000127792358,17.364800090789796,,16.366000127792358,17.78353541122667,14.948464844358048,36.93272043460092,38.06377721769292,0.9865001950945173,-215679700.0,-3.4258707220976197,55.41613690235496,-0.03288455477309399
2024-07-30 00:00:00-04:00,16.290000915527344,16.540000915527344,15.880000114440918,16.170000076293945,5927200,0.0,0.0,54.68564451446852,-0.2796527692611086,-0.348166614109738,16.38400011062622,17.246400089263915,,16.38400011062622,17.78079947353198,14.987200747720461,25.719128544973735,35.992992859125536,1.0015002659388952,-221606900.0,-8.385266709482051,55.711765297441204,-0.11400478323193627
2024-07-31 00:00:00-04:00,16.309999465942383,17.06999969482422,16.139999389648438,16.360000610351562,8844500,0.0,0.0,48.93048278338139,-0.26297618074516294,-0.33112852743682303,16.401500129699706,17.14020009994507,,16.401500129699706,17.78729689744805,15.01570336195136,32.14892681783884,31.600258599137828,0.9450716972351074,-212762400.0,-9.563292026776686,52.466012767139844,-0.18217978656514913
2024-08-01 00:00:00-04:00,16.200000762939453,16.219999313354492,15.149999618530273,15.350000381469727,10200400,0.0,0.0,38.86076288600554,-0.32748341676745696,-0.3303995053029498,16.382500171661377,17.021800098419188,,16.382500171661377,17.816638383498073,14.948361959824679,6.22086324874554,21.362972870519368,0.9722146306719098,-222962800.0,-6.230912678508074,43.81199817458024,-0.11323848919601809
2024-08-02 00:00:00-04:00,14.760000228881836,15.380000114440918,14.479999542236328,15.319999694824219,12817100,0.0,0.0,39.612904400780266,-0.37668448646869734,-0.33965650153609933,16.36300015449524,16.917000102996827,,16.36300015449524,17.845431995186388,14.88056831380409,21.621624275416217,19.997138114000194,0.9679288864135742,-235779900.0,-5.490434546051,42.810692625217946,-0.04934952610981991
2024-08-05 00:00:00-04:00,13.960000038146973,14.885000228881836,13.90999984741211,14.479999542236328,12415200,0.0,0.0,29.860240141594502,-0.4779481915810262,-0.36731483954508476,16.27950015068054,16.797600078582764,,16.27950015068054,17.983952329108742,14.575047972252339,12.794606163540484,13.545697895900743,1.0050717762538366,-248195100.0,-12.082573491697705,33.725982635216056,-0.0021456386372519128
2024-08-06 00:00:00-04:00,14.699999809265137,14.710000038146973,14.100000381469727,14.25,8327800,0.0,0.0,24.934736835814704,-0.5701866910744258,-0.40788920985095295,16.21600012779236,16.69060007095337,,16.21600012779236,18.12227137681514,14.30972887876958,7.631877854333363,14.016036097763353,0.9815002850123814,-256522900.0,-15.780142223727259,23.622470050646427,-0.11212697214339824
2024-08-07 00:00:00-04:00,14.25,14.850000381469727,13.895000457763672,13.930000305175781,11881800,0.0,0.0,30.51119043157543,-0.6614825088848697,-0.4586078696577363,16.143500137329102,16.58120008468628,,16.143500137329102,18.280032352213166,14.006967922445039,1.0654444151552065,7.163976144343013,0.9029288291931152,-268404700.0,-10.705128432417442,25.139471120321403,-0.024587168378891616
2024-08-08 00:00:00-04:00,14.029999732971191,14.5649995803833,13.9399995803833,14.359999656677246,18302600,0.0,0.0,35.834617434301265,-0.6911703664925373,-0.5051203690246966,16.03550009727478,16.486800079345702,,16.03550009727478,18.30606684081058,13.764933353738982,14.15522741286871,7.617516560785755,0.9090001923697335,-250102100.0,-11.248458678436116,36.576492172304114,-0.07101182925824938
2024-08-09 00:00:00-04:00,14.800000190734863,16.485000610351562,14.680000305175781,15.539999961853027,35526600,0.0,0.0,43.75839505226198,-0.6124224201427264,-0.5265807792483026,15.957000064849854,16.422600078582764,,15.957000064849854,18.17919538905317,13.73480474064654,50.07609073057553,21.765587519533142,1.0200716427394323,-214575500.0,-6.441906135943771,48.235980280996884,0.008742203784453185
2024-08-12 00:00:00-04:00,15.579999923706055,15.65999984741211,14.890000343322754,15.210000038146973,16479200,0.0,0.0,38.335608230117295,-0.5700709185387414,-0.5352788071063904,15.871000051498413,16.362400093078612,,15.871000051498413,18.06762817593768,13.674371927059145,40.03043048599362,34.75391620981261,1.021857397896903,-231054700.0,-6.972479001375274,41.499828700822555,0.009677332025671679
2024-08-13 00:00:00-04:00,15.449999809265137,16.6299991607666,15.210000038146973,16.25,13342200,0.0,0.0,54.60992562423723,-0.4474300480340805,-0.5177090552919285,15.801000070571899,16.32200008392334,,15.801000070571899,17.84269097768987,13.759309163453928,74.17323175222604,54.75991765626506,1.0090001651218958,-217712500.0,0.4947428777278653,48.40077947449353,0.10039764239562243
2024-08-14 00:00:00-04:00,16.15999984741211,16.34000015258789,15.619999885559082,15.819999694824219,9639700,0.0,0.0,47.39130050188137,-0.3805469966494748,-0.49027664356343775,15.687500047683717,16.277800064086914,,15.687500047683717,17.42280392626426,13.952196169103173,60.6299117993721,58.27785801253058,0.9690001351492745,-227352200.0,-3.3007389693229334,48.012303762858416,0.06294405765498927
2024-08-15 00:00:00-04:00,16.110000610351562,16.43000030517578,15.930000305175781,16.31999969482422,8028000,0.0,0.0,47.919649463862726,-0.2839229877680953,-0.4490059124043693,15.684999990463258,16.24520004272461,,15.684999990463258,17.41630320114614,13.953696779780376,76.37794707962327,70.3936968770738,0.9697144372122628,-219324200.0,6.3192136107401,48.19139271435829,0.18103431531988426
2024-08-16 00:00:00-04:00,16.149999618530273,16.540000915527344,16.1200008392334,16.510000228881836,6101900,0.0,0.0,51.159418927749655,-0.18982808934341122,-0.39717034779217775,15.700000047683716,16.222800064086915,,15.700000047683716,17.45548484472902,13.944515250638409,82.36221730683509,73.12335872861014,0.955357279096331,-213222300.0,7.76762766163535,51.55003172340897,0.16818178074418683
2024-08-19 00:00:00-04:00,16.670000076293945,16.790000915527344,16.3799991607666,16.719999313354492,8028000,0.0,0.0,53.96824828889092,-0.0971916682909999,-0.3371746118919422,15.712500047683715,16.196600036621092,,15.712500047683715,17.494431423168848,13.930568672198584,88.97636328902676,82.57217589182837,0.9375002043587821,-205194300.0,15.469612168041635,55.68248318537343,0.12264714029746762
2024-08-20 00:00:00-04:00,16.68000030517578,17.350000381469727,16.65999984741211,17.020000457763672,7778500,0.0,0.0,54.68749830668644,0.0004260368543960169,-0.26965448214267457,15.717500066757202,16.191600036621093,,15.717500066757202,17.514197521147395,13.92080261236701,90.44862717820047,87.26240259135409,0.9203573635646275,-197415800.0,19.438599703604716,55.459550942567326,0.21647611725822183
2024-08-21 00:00:00-04:00,17.1200008392334,17.3700008392334,16.860000610351562,17.299999237060547,6810900,0.0,0.0,65.45165626491533,0.09923837471160368,-0.19587591077181893,15.802500009536743,16.178200035095216,,15.802500009536743,17.731752710232588,13.8732473088409,97.98556562623327,92.47018536448684,0.8703573090689523,-190604900.0,24.192382326313524,60.63874869280121,0.29224864113558713
2024-08-22 00:00:00-04:00,17.34000015258789,17.559999465942383,16.809999465942383,16.8700008392334,7615200,0.0,0.0,61.54993887101401,0.14122266038888398,-0.12845619653967835,15.837000036239624,16.164200057983397,,15.837000036239624,17.818643290090005,13.855356782389244,81.17329294853279,89.8691619176555,0.8596429824829102,-198220100.0,17.47911728806364,62.082566949284704,0.18761698014652112
2024-08-23 00:00:00-04:00,17.059999465942383,17.93000030517578,16.969999313354492,17.8799991607666,9185400,0.0,0.0,74.7093162677265,0.25307662313140966,-0.05214963260546075,15.900499963760376,16.163600044250487,,15.900499963760376,18.05986113394151,13.74113879357924,98.76081421809101,92.63989093095235,0.8346429552350726,-189034700.0,15.057909939882311,68.64822586790162,0.2209786669131547
2024-08-26 00:00:00-04:00,18.0,18.059999465942383,17.329999923706055,17.719999313354492,7119900,0.0,0.0,75.47725058179772,0.3250639095534318,0.02329307582631776,15.968999910354615,16.18240001678467,,15.968999910354615,18.270632079723168,13.667367740986062,91.83672908636376,90.59027875099584,0.8432143756321498,-196154600.0,16.502296311061098,73.26521530674059,0.23487997523398543
2024-08-27 00:00:00-04:00,17.559999465942383,17.649999618530273,17.06999969482422,17.260000228881836,4364200,0.0,0.0,73.9568510776802,0.3410646895038809,0.08684739856183041,16.023499917984008,16.1996000289917,,16.023499917984008,18.395709693641365,13.651290142326653,80.58254225043534,90.39336185163002,0.8214286395481655,-200518800.0,6.215386023888221,75.95956989514966,0.09090868991531771
2024-08-28 00:00:00-04:00,17.18000030517578,17.18000030517578,16.135000228881836,16.459999084472656,7657100,0.0,0.0,64.3442645910605,0.2858963809138544,0.12665719503223521,16.028499841690063,16.1996000289917,,16.028499841690063,18.40411500259075,13.652884680789379,52.66269885384119,75.02732339688009,0.856428691319057,-208175900.0,4.045508230052774,69.33378610879515,0.028809193213601834
2024-08-29 00:00:00-04:00,16.700000762939453,17.315000534057617,16.56999969482422,16.670000076293945,6552900,0.0,0.0,58.897642170743815,0.25616748457506233,0.15255925294080064,16.094499826431274,16.211400032043457,,16.094499826431274,18.46408300936901,13.72491664349354,56.15142667611316,63.13222259346321,0.7657144410269601,-201623000.0,2.144610220677436,62.41724122400201,-0.007310383443777306
2024-08-30 00:00:00-04:00,16.850000381469727,16.989999771118164,15.989999771118164,16.3700008392334,21249400,0.0,0.0,59.17722612519668,0.2060247635802952,0.16325235506869956,16.146999883651734,16.228200054168703,,16.146999883651734,18.490717866647035,13.803281900656433,40.70179066610316,49.838638732019156,0.7821430478777204,-222872400.0,-0.8479672180956667,59.44334247240418,-0.11994646059771956
2024-09-03 00:00:00-04:00,17.860000610351562,18.170000076293945,16.6200008392334,16.700000762939453,22534200,0.0,0.0,54.01070427783523,0.19071607564834991,0.16874509918462963,16.25799994468689,16.242800064086914,,16.25799994468689,18.476217151380567,14.039782737993212,42.352972415626944,46.402063252614404,0.8092859131949288,-200338200.0,-0.11960856002587242,62.58235074926285,-0.24532733083090424
2024-09-04 00:00:00-04:00,16.510000228881836,16.844999313354492,15.800000190734863,15.9399995803833,12058800,0.0,0.0,51.01010044249543,0.11592181184364492,0.1581804417164327,16.342499923706054,16.227600040435792,,16.342499923706054,18.358152959382025,14.326846888030083,5.907147527790353,29.653970203173476,0.8325001171657017,-212397000.0,-6.345480895023882,61.43372693233543,-0.33763355050863525
2024-09-05 00:00:00-04:00,15.890000343322754,17.110000610351562,15.8100004196167,17.09000015258789,13528100,0.0,0.0,55.842190157789,0.14773920850478817,0.1560921950741038,16.50049991607666,16.249000034332276,,16.50049991607666,18.188718768319813,14.812281063833506,54.43038076555505,34.23016690299077,0.8817858014787946,-198868900.0,-1.2138675938365955,62.9831471832031,-0.20504911840399825
2024-09-06 00:00:00-04:00,17.459999084472656,17.59000015258789,15.6850004196167,15.859999656677246,14249100,0.0,0.0,45.74049328346895,0.07286403289879573,0.13944656263904218,16.57549991607666,16.237000045776366,,16.57549991607666,17.97127496686237,15.179724865290947,7.042223792277809,22.459917361874393,0.9878572055271694,-213118000.0,-5.986965810975316,55.63487995709691,-0.28729299185469026
2024-09-09 00:00:00-04:00,16.1200008392334,17.299999237060547,16.1200008392334,17.170000076293945,13968900,0.0,0.0,52.57732409241443,0.11787224465385293,0.13513169904200434,16.656999921798707,16.2496000289917,,16.656999921798707,17.986995428758085,15.327004414839331,59.758545748166235,40.410383435333024,1.0614284787859236,-199149100.0,-3.9709122919344435,57.372204621986036,-0.2608305971853345
2024-09-10 00:00:00-04:00,17.309999465942383,17.540000915527344,16.479999542236328,16.75,14942200,0.0,0.0,48.47457342194352,0.11828753558773997,0.13176286635115148,16.733999919891357,16.259400024414063,,16.733999919891357,17.87634087624366,15.591658963539054,42.85713189221675,36.552633810886924,1.0878571101597376,-214091300.0,-5.474036969197072,59.25695320777188,-0.27782658521624126
2024-09-11 00:00:00-04:00,16.709999084472656,17.270000457763672,16.229999542236328,17.219999313354492,11962500,0.0,0.0,49.55752249732729,0.15475772259171094,0.13636183759926337,16.782499885559083,16.28760000228882,,16.782499885559083,17.920676926847914,15.644322844270253,61.77058775896482,54.795421799782595,1.1257143020629883,-202128800.0,-0.23175501156951694,53.29995913030013,-0.19882068970337838
2024-09-12 00:00:00-04:00,17.229999542236328,19.545000076293945,16.719999313354492,18.90999984741211,34076000,0.0,0.0,59.90290670640371,0.3163824675755791,0.17236596359452652,16.936999893188478,16.345599994659423,,16.936999893188478,18.3344274219092,15.539572364467753,83.54921540515227,62.725645018777946,1.2739286422729492,-168052800.0,14.884574114287966,64.24110872577958,0.0029304000129112824
2024-09-13 00:00:00-04:00,19.59000015258789,20.709999084472656,19.389999389648438,19.90999984741211,26617900,0.0,0.0,59.8639462087054,0.5191781228469807,0.24172839544501737,17.11649990081787,16.42920000076294,,17.11649990081787,19.013281218506446,15.219718583129298,84.0796129428727,76.46647203566324,1.3267857687813895,-141434900.0,19.436111315474434,67.84515886522726,0.027416545448901725
2024-09-16 00:00:00-04:00,19.850000381469727,21.06999969482422,19.229999542236328,20.299999237060547,22514100,0.0,0.0,62.26235429500549,0.7032581103638016,0.3340343384287742,17.305999851226808,16.52099998474121,,17.305999851226808,19.651794455309343,14.960205247144273,85.70101093033111,84.44327975945203,1.4060715266636439,-118920800.0,24.007319464567534,70.4823815344611,0.08762023086072449
2024-09-17 00:00:00-04:00,20.479999542236328,20.760000228881836,20.02199935913086,20.6299991607666,12709100,0.0,0.0,66.21750670141871,0.8657907656043697,0.44038562386389335,17.50149984359741,16.610599975585938,,17.50149984359741,20.25751693088208,14.745482756312743,91.8291440430944,87.2032559720994,1.4123573303222656,-106211700.0,23.532923462785575,73.58513235980575,0.18452241515842213
2024-09-18 00:00:00-04:00,20.579999923706055,21.0,19.910999298095703,20.219999313354492,13302700,0.0,0.0,68.79999755859421,0.9505580630436903,0.5424201116998528,17.661499786376954,16.704599952697755,,17.661499786376954,20.660644978818716,14.662354593935191,84.2154039763177,87.2485196499144,1.4097859518868583,-119514400.0,26.85068911945525,71.14136164140561,0.19864291043974672
2024-09-19 00:00:00-04:00,21.100000381469727,21.170000076293945,20.1299991607666,20.290000915527344,13781600,0.0,0.0,68.35699753998516,1.0117227906917705,0.6362806474982363,17.810999870300293,16.802799968719484,,17.810999870300293,21.02468676731873,14.597312973281856,83.95625859893498,86.66693553944901,1.4230001994541712,-105732800.0,18.724404531119244,72.24538724158069,0.059129355422445955
2024-09-20 00:00:00-04:00,20.110000610351562,21.18000030517578,19.81999969482422,20.809999465942383,19519300,0.0,0.0,72.02379871117752,1.0895956349996823,0.7269436449985255,18.00799980163574,16.888599948883055,,18.00799980163574,21.453494539057104,14.562505064214378,93.2665905925537,87.14608438926878,1.4487145287649972,-86213500.0,31.210592159005053,80.22789851214293,0.2319890478753964
2024-09-23 00:00:00-04:00,21.030000686645508,21.65999984741211,20.360000610351562,21.3700008392334,17478200,0.0,0.0,72.64790780941541,1.1828625526544556,0.8181274265297115,18.182499885559082,16.973799953460695,,18.182499885559082,21.940073925409557,14.424925845708607,95.14645964935747,90.78976961361538,1.4130002430507116,-68735300.0,24.461273991129772,80.15198704090511,0.17778410508853573
2024-09-24 00:00:00-04:00,21.670000076293945,23.329999923706055,21.200000762939453,23.190000534057617,29472400,0.0,0.0,81.88214516464132,1.3876401697471117,0.9320299751731915,18.45599994659424,17.09899995803833,,18.45599994659424,22.819293800318444,14.092706092870035,98.16874560196437,95.52726528129183,1.4905002457754952,-39262900.0,38.44776438243353,85.90690335669687,0.30649755936851986
2024-09-25 00:00:00-04:00,22.8799991607666,23.149999618530273,21.1200008392334,21.889999389648438,28236000,0.0,0.0,70.83332574478058,1.4285611155534816,1.0313362032492495,18.687499904632567,17.183799953460692,,18.687499904632567,23.269436410773164,14.10556339849197,81.16415137388364,91.49311887506849,1.5455002103533064,-67498900.0,27.11962986358691,75.43461300512749,0.191424063504288
2024-09-26 00:00:00-04:00,22.59000015258789,22.8799991607666,21.940000534057617,22.34000015258789,14815100,0.0,0.0,80.1675926806491,1.480239283635651,1.12111681932653,18.98149995803833,17.268799953460693,,18.98149995803833,23.713751068615224,14.24924884746144,86.26907216603935,88.53398971396246,1.4801430702209473,-52683800.0,18.138552791396172,80.10837149516759,0.07760918869818013
2024-09-27 00:00:00-04:00,22.579999923706055,23.295000076293945,22.270000457763672,22.59000015258789,11482400,0.0,0.0,77.99586176375719,1.5238020730603061,1.2016538700732853,19.277499961853028,17.393199939727783,,19.277499961853028,24.139779579480646,14.415220344225409,89.57746857240335,85.67023070410879,1.450500215802874,-41201400.0,13.460574212531329,80.19928637493207,0.056329557983361735
2024-09-30 00:00:00-04:00,22.290000915527344,23.399999618530273,22.100000381469727,22.6200008392334,13068300,0.0,0.0,81.59310578883213,1.5429604150136207,1.2699151790613525,19.589999961853028,17.521399974822998,,19.589999961853028,24.468826624014632,14.711173299691422,89.12135605303865,88.32263226382712,1.4676429203578405,-28133100.0,11.428579750571407,75.03622135600116,0.049413179469137904
2024-10-01 00:00:00-04:00,22.649999618530273,22.790000915527344,21.202999114990234,21.59000015258789,11255800,0.0,0.0,72.18273592682291,1.4582216205721217,1.3075764673635064,19.83449993133545,17.623799991607665,,19.83449993133545,24.592126745507674,15.076873117163228,72.90420084951248,83.86767515831815,1.5067144121442522,-39388900.0,4.653422350336227,74.45149387639819,-0.04130133678879356
2024-10-02 00:00:00-04:00,21.3799991607666,21.940000534057617,20.84000015258789,21.040000915527344,12474400,0.0,0.0,62.22732697550668,1.3313383339869453,1.3123288406881943,20.089499998092652,17.706200008392333,,20.089499998092652,24.502445314755473,15.676554681429831,43.40530791787515,68.4769549401421,1.383500099182129,-51863300.0,4.055398763694684,67.65332694072103,-0.03982025736504975
2024-10-03 00:00:00-04:00,20.799999237060547,21.24799919128418,20.010000228881836,20.690000534057617,12402200,0.0,0.0,54.83871196751924,1.1888361464427177,1.287630301839099,20.269500017166138,17.808000011444094,,20.269500017166138,24.455127346881845,16.08387268745043,35.0120135517804,50.44050743972267,1.3433572224208288,-64265500.0,1.971412520854868,60.723087298307284,0.010706885911524322
2024-10-04 00:00:00-04:00,21.1299991607666,22.100000381469727,20.860000610351562,21.84000015258789,11535500,0.0,0.0,58.73016044644916,1.1553790044438976,1.261180042360059,20.56850004196167,17.921200008392333,,20.56850004196167,24.252098643734058,16.88490144018928,56.4245949947548,44.94730548813678,1.3126429149082728,-52730000.0,4.949546915324075,59.033395113060315,0.01151948311247538
2024-10-07 00:00:00-04:00,21.649999618530273,21.920000076293945,20.78499984741211,21.200000762939453,9072900,0.0,0.0,53.12158497486082,1.0649453492370355,1.2219331037354544,20.770000076293947,18.013000011444092,,20.770000076293947,24.094208395099816,17.445791757488077,38.54751669063284,43.32804174572268,1.3410000119890486,-61802900.0,-0.7955080468777542,54.35087763915812,-0.04590117277303269
2024-10-08 00:00:00-04:00,20.959999084472656,21.6200008392334,20.8799991607666,21.190000534057617,5673500,0.0,0.0,55.55556041071121,0.9811589019791285,1.1737782633841893,20.992000102996826,18.10980001449585,23.724549970626832,20.992000102996826,23.726556125130188,18.257444080863465,38.26818068239395,44.413430789260524,1.3160715103149414,-67476400.0,-8.624406873396714,56.14531668994629,-0.1556540404868216
2024-10-09 00:00:00-04:00,21.06999969482422,21.889999389648438,21.06999969482422,21.09000015258789,6439500,0.0,0.0,54.56620457746141,0.8963557131329942,1.1182937533339503,21.185500144958496,18.208200016021728,23.631449975967406,21.185500144958496,23.2655964362143,19.105403853702693,35.47487387790091,37.4301904169759,1.3003571374075753,-73915900.0,-3.6546334370336186,54.70104768798979,-0.08179705330495085
2024-10-10 00:00:00-04:00,20.829999923706055,21.280000686645508,20.56999969482422,20.8799991607666,6187100,0.0,0.0,50.414199153273096,0.802947372517,1.0552244771705603,21.28400011062622,18.29859998703003,23.539799976348878,21.28400011062622,23.077185288590385,19.490814932662055,25.663689926946848,33.135581495747225,1.2539285932268416,-80103000.0,-6.535366973362178,48.59695382692135,-0.05598832937479069
2024-10-11 00:00:00-04:00,20.81999969482422,22.200000762939453,20.559999465942383,21.6200008392334,8506000,0.0,0.0,51.44843486993791,0.7796452751882335,1.000108636774095,21.369500160217285,18.4239999961853,23.437199983596802,21.369500160217285,23.046119675064745,19.692880645369826,47.49265192400311,36.21040524295029,1.278214454650879,-71597000.0,-4.29393230102909,46.170697436849,0.015639259021001876
2024-10-14 00:00:00-04:00,21.450000762939453,21.940000534057617,21.229999542236328,21.90999984741211,7985200,0.0,0.0,40.985915984834705,0.7756376238003142,0.9552144341793389,21.450000190734862,18.55579999923706,23.33309998512268,21.450000190734862,23.063835395744,19.836164985725723,56.04719647832487,43.06784610975827,1.176786014011928,-63611800.0,-3.1388194760356662,38.52638058289666,0.028388913070361562
2024-10-15 00:00:00-04:00,21.989999771118164,22.850000381469727,21.670000076293945,21.950000762939453,10767200,0.0,0.0,50.51371003878708,0.7668495070136672,0.9175414487462046,21.516000270843506,18.705200023651123,23.2294499874115,21.516000270843506,23.096252282655588,19.935748259031424,57.227164700428055,53.58900436758534,1.1132146290370397,-52844600.0,1.6674414442206984,51.07345165883241,0.12651070186699837
2024-10-16 00:00:00-04:00,22.239999771118164,22.489999771118164,21.610000610351562,21.790000915527344,6821600,0.0,0.0,45.045054642930786,0.7384616840167411,0.881725495800312,21.59450035095215,18.85600004196167,23.133949995040894,21.59450035095215,23.05513436029301,20.133866341611288,52.50740433997848,55.2605885062438,1.1053574425833566,-59666200.0,3.564638628159499,42.83650859641338,0.11852779339490165
2024-10-17 00:00:00-04:00,21.670000076293945,21.790000915527344,20.81999969482422,21.270000457763672,7053500,0.0,0.0,38.659803274476474,0.6663234763882357,0.8386450919178968,21.643500328063965,19.002800045013426,23.046349992752074,21.643500328063965,22.98038256650427,20.306618089623658,37.16815503652658,48.967574692311025,1.1014289855957031,-66719700.0,2.803286170782462,35.181298623128924,0.09276863159937519
2024-10-18 00:00:00-04:00,21.5,22.139999389648438,21.299999237060547,22.110000610351562,7030100,0.0,0.0,46.15384615384615,0.6692200668984043,0.8047600869139984,21.708500385284424,19.157800064086913,22.972249994277956,21.708500385284424,23.000406830069373,20.416593940499475,73.94367143100838,54.53974360250447,1.0707146780831474,-59689600.0,1.2362658236139192,42.89189243383779,0.0862343015392542
2024-10-21 00:00:00-04:00,21.829999923706055,22.530000686645508,21.5,21.8700008392334,6273200,0.0,0.0,52.39726530720223,0.6447177550220324,0.7727516205356052,21.733500385284422,19.284400081634523,22.89635000228882,21.733500385284422,23.017151116500024,20.44984965406882,65.49297571891593,58.86826739548362,1.0309288842337472,-65962800.0,3.1603776046329135,50.15398990318724,0.13865594117676522
2024-10-22 00:00:00-04:00,21.610000610351562,21.780000686645508,21.100000381469727,21.209999084472656,6697600,0.0,0.0,51.42855494249749,0.5655238635137962,0.7313060691312434,21.634500312805176,19.404400062561034,22.813500003814696,21.634500312805176,22.737939609814074,20.53106101579628,42.25347856046228,60.56337523679553,1.007357461111886,-72660400.0,0.09437730019353423,52.69399286689825,0.07293891023509774
2024-10-23 00:00:00-04:00,21.100000381469727,21.270000457763672,20.139999389648438,20.25,7046900,0.0,0.0,46.646339070011,0.4204515273768905,0.6691351607803728,21.552500343322755,19.484400062561036,22.719850006103517,21.552500343322755,22.809110510094257,20.295890176551254,4.0590616270452085,37.26850530214113,0.9996433258056641,-79707300.0,-3.982930993411191,55.23922528854476,-0.01842357051924166
2024-10-24 00:00:00-04:00,20.600000381469727,20.969999313354492,20.34000015258789,20.40999984741211,7173000,0.0,0.0,37.163380572998676,0.3147629153551854,0.5982607116953355,21.456000328063965,19.57620006561279,22.642550010681152,21.456000328063965,22.753729896277438,20.15827075985049,9.963112876287724,18.75855102126506,0.9503575733729771,-72534300.0,-2.250954656347009,53.173917065889206,-0.04334344483542778
2024-10-25 00:00:00-04:00,20.5,20.540000915527344,19.454999923706055,19.719999313354492,14852600,0.0,0.0,36.832738220689556,0.17332862783096203,0.5132742949224608,21.312500286102296,19.644200057983397,22.555500001907347,21.312500286102296,22.712904989503638,19.912095582700953,7.805577434973185,7.275917312768697,0.9467861992972237,-87386900.0,-8.788165828518425,50.81145145477974,-0.2189380530603902
2024-10-28 00:00:00-04:00,20.010000228881836,20.600000381469727,19.84000015258789,20.520000457763672,7855000,0.0,0.0,44.773794897415385,0.12436078869412981,0.43549159367679463,21.20750026702881,19.724400062561035,22.484000005722045,21.20750026702881,22.50635656835385,19.908643965703767,31.369672767559685,16.379454359606857,0.9567861557006836,-79531900.0,-6.344132356589754,56.77354182928862,-0.2123024669682014
2024-10-29 00:00:00-04:00,20.09000015258789,20.850000381469727,19.959999084472656,20.729999542236328,7604400,0.0,0.0,47.2392609321429,0.10133051931472181,0.3686593788043801,21.16450023651123,19.804600067138672,22.414700002670287,21.16450023651123,22.466975795374374,19.862024677648087,37.555211976911814,25.576820726481554,0.9617862701416016,-71927500.0,-5.558091928465826,57.11227665570791,-0.14277682380610113
2024-10-30 00:00:00-04:00,20.59000015258789,21.31999969482422,20.440000534057617,20.700000762939453,5057500,0.0,0.0,48.58045473703717,0.0797390322010223,0.3108753094837085,21.147500228881835,19.878200073242187,22.34770001411438,21.147500228881835,22.46559949330573,19.82940096445794,36.67159562191917,35.19882678879688,0.9739289964948382,-76985000.0,-5.002295120654019,62.20455912419989,-0.07982019682884947
2024-10-31 00:00:00-04:00,20.6299991607666,20.899999618530273,20.059999465942383,20.079999923706055,4407300,0.0,0.0,37.62057384810884,0.012455161592455966,0.25119127990545803,21.11700019836426,19.933800086975097,22.283200016021727,21.11700019836426,22.505996642617983,19.728003754110535,18.409423143692155,30.878743580841036,0.9167860576084682,-81392300.0,-5.59473675809565,56.64658189176756,-0.09811754660000271
2024-11-01 00:00:00-04:00,20.18000030517578,21.155000686645508,20.0,20.829999923706055,7419600,0.0,0.0,41.91617091322851,0.019426999017738922,0.20483842372791422,21.066500186920166,20.01300006866455,22.223000020980834,21.066500186920166,22.417746241956195,19.715254131884137,40.50073091612274,31.86058322724468,0.9485717500959124,-73972700.0,-5.78923858575667,56.25836376831746,-0.09030850931313
2024-11-04 00:00:00-05:00,20.540000915527344,20.75,19.8799991607666,20.309999465942383,4862800,0.0,0.0,38.54747978304181,-0.01681364349365566,0.16050801028360026,21.022000122070313,20.061600074768066,22.158850021362305,21.022000122070313,22.41277641817254,19.631223825968085,27.804856263483245,28.90500344109937,0.9321432113647461,-78835500.0,-7.1330649905256145,48.58893988552974,-0.1221977008761184
2024-11-05 00:00:00-05:00,20.5,21.670000076293945,20.434999465942383,21.6200008392334,6824100,0.0,0.0,48.97713592550556,0.05948583324562762,0.14030357487600573,21.0435001373291,20.139600105285645,22.095850019454957,21.0435001373291,22.458298955738968,19.628701318919234,70.40651636969928,46.23736784976842,0.9664290291922433,-72011400.0,1.9330588046130321,55.67051780618861,0.04538239655884264
2024-11-06 00:00:00-05:00,22.040000915527344,22.5,21.489999771118164,21.670000076293945,10584500,0.0,0.0,52.55101730504847,0.12257526745649727,0.13675791339210402,21.072500133514403,20.227800102233886,22.03280002593994,21.072500133514403,22.5148216894027,19.630178577626104,72.03250741539749,56.747960016193325,0.9692861012050084,-61426900.0,7.01234605577257,64.28857281705771,0.09727392982590634
2024-11-07 00:00:00-05:00,22.489999771118164,22.69499969482422,21.760000228881836,22.209999084472656,16528700,0.0,0.0,50.66311977439661,0.21368428616637658,0.15214318794695852,21.139000129699706,20.342800102233888,21.97870002746582,21.139000129699706,22.664211882682462,19.61378837671695,85.03084430206047,75.82328936238572,0.9803575788225446,-44898200.0,8.819202599302214,67.50098319874124,0.08488586714433292
2024-11-08 00:00:00-05:00,22.290000915527344,23.09000015258789,20.100000381469727,20.5,24571400,0.0,0.0,42.39733182890596,0.14622066404477252,0.15095868316652133,21.083000087738036,20.419400100708007,21.916800022125244,21.083000087738036,22.616075848801717,19.549924326674354,28.748280893929913,61.937210870462614,1.1203575134277344,-69469600.0,3.955378873250199,53.117043436388116,-0.016429087876884754
2024-11-11 00:00:00-05:00,20.5,20.510000228881836,19.719999313354492,20.200000762939453,16544000,0.0,0.0,44.16185786831132,0.0677666544227904,0.13432027741777514,20.997500133514404,20.49600009918213,21.852250022888185,20.997500133514404,22.527108303854543,19.467891963174264,20.49520749170815,44.758110895899506,1.121786117553711,-86013600.0,-1.5594526690331918,49.69235914839941,-0.086244211951037
2024-11-12 00:00:00-05:00,19.979999542236328,20.229999542236328,19.209999084472656,19.219999313354492,10158500,0.0,0.0,44.05997302432672,-0.07264918561172706,0.0929263848118747,20.861000061035156,20.54640007019043,21.77535002708435,20.861000061035156,22.514906874806787,19.207093247263526,0.25773778682730336,16.50040872415511,1.113928931100028,-96172100.0,-7.284130546193629,48.802271901793475,-0.20469092173804404
2024-11-13 00:00:00-05:00,19.010000228881836,19.780000686645508,18.850000381469727,19.1299991607666,10664500,0.0,0.0,42.55813587285703,-0.1890131842997782,0.03653847098954411,20.72799997329712,20.610200061798096,21.703450031280518,20.72799997329712,22.491532783393346,18.964467163200894,6.603745151218117,9.118896809917848,1.1289290019444056,-106836600.0,-7.584548523223858,43.06055072144273,-0.20297261210144726
2024-11-14 00:00:00-05:00,19.239999771118164,19.43000030517578,18.799999237060547,18.84000015258789,7284900,0.0,0.0,44.634150709871065,-0.30116138695225203,-0.03100150059881512,20.60649995803833,20.645200061798096,21.635650024414062,20.60649995803833,22.53949662762658,18.673503288450082,0.9324220743767995,2.597968337474064,1.0964290073939733,-114121500.0,-6.175297688394135,45.38939804880239,-0.19368808850094327
2024-11-15 00:00:00-05:00,18.5,18.649999618530273,17.290000915527344,17.34000015258789,17410000,0.0,0.0,32.1348251518057,-0.5052528689511782,-0.12585177426928773,20.367999935150145,20.67480007171631,21.56250002861023,20.367999935150145,22.663080401171456,18.072919469128834,0.8620559247846833,2.7994077167931906,1.1442860194614954,-131531500.0,-16.75467971147849,37.938825190468904,-0.344095347318069
2024-11-18 00:00:00-05:00,17.31999969482422,18.010000228881836,17.309999465942383,17.989999771118164,10161000,0.0,0.0,35.331904251080644,-0.6075439138373646,-0.2221902021829031,20.173999881744386,20.691200065612794,21.488250026702882,20.173999881744386,22.587395863868267,17.760603899620506,12.068947373613472,4.621141790924976,1.1307145527430944,-121370500.0,-11.42294316016404,38.434186003361404,-0.2715518020988066
2024-11-19 00:00:00-05:00,17.56999969482422,19.81999969482422,17.56999969482422,19.799999237060547,15289100,0.0,0.0,45.953230160399116,-0.5363754712218807,-0.28502725599069867,20.10349988937378,20.752200050354006,21.42995002746582,20.10349988937378,22.47141960470513,17.73558017404243,43.27583882244227,18.73561404028013,1.2285717555454798,-106081400.0,-8.418138443686503,41.94526764790825,-0.16171244957962735
2024-11-20 00:00:00-05:00,19.959999084472656,22.547000885009766,19.93000030517578,21.6299991607666,24993800,0.0,0.0,56.28548048022498,-0.3285212790055958,-0.2937260605936781,20.17249984741211,20.840400047302246,21.37785002708435,20.17249984741211,22.63685524751914,17.708144447305077,74.82756579531515,43.39078399712363,1.364786148071289,-81087600.0,-0.1845912108283887,51.31984729381686,-1.3411252711587658e-07
2024-11-21 00:00:00-05:00,21.709999084472656,22.799999237060547,21.579999923706055,22.459999084472656,15567400,0.0,0.0,56.56728215685048,-0.09571790054614127,-0.2541244285841707,20.274999809265136,20.911400032043456,21.327550020217895,20.274999809265136,22.94306031010324,17.60693930842703,89.13791118988973,69.08043860254905,1.3694289071219308,-65520200.0,1.125619136899374,53.73421635700568,0.07100011346533792
2024-11-22 00:00:00-05:00,22.420000076293945,24.027999877929688,22.040000915527344,23.530000686645508,17355500,0.0,0.0,62.422845093256996,0.1731249642384043,-0.16867455001965573,20.465499877929688,20.983800048828126,21.278150024414064,20.465499877929688,23.487325645650465,17.44367411020891,92.60909367806396,85.52485688775626,1.4435716356549944,-48164700.0,14.780491154368331,59.42496129581751,0.29100333168091
2024-11-25 00:00:00-05:00,24.559999465942383,24.850000381469727,23.670000076293945,24.020000457763672,17090200,0.0,0.0,59.88467922678521,0.42087220512189205,-0.05076519899134617,20.640499877929688,21.058200073242187,21.22915002822876,20.640499877929688,24.055429981815724,17.225569774043652,89.02116425477033,90.25605637424133,1.4407144274030412,-31074500.0,18.910888864087063,61.85782866840913,0.2655631818994199
2024-11-26 00:00:00-05:00,23.309999465942383,23.770000457763672,22.790000915527344,23.360000610351562,10878700,0.0,0.0,56.627454066176185,0.5575303438538945,0.07089390957770197,20.77199993133545,21.112800102233887,21.17545003890991,20.77199993133545,24.397498225402547,17.146501637268354,80.29100692624944,87.30708828636124,1.4564286640712194,-41953200.0,21.54006995265865,56.404523414440725,0.32479264208061387
2024-11-27 00:00:00-05:00,23.75,23.889999389648438,22.93000030517578,23.469999313354492,6186300,0.0,0.0,55.11363821088809,0.6670198893238926,0.19011910552694009,20.910499858856202,21.17780010223389,21.127250032424925,20.910499858856202,24.730819551127944,17.09018016658446,81.74601632801554,83.68606250301177,1.4517857687813895,-35766900.0,22.686881040166092,54.13650038886339,0.29528287968605466
2024-11-29 00:00:00-05:00,23.510000228881836,24.799999237060547,23.510000228881836,24.110000610351562,7475600,0.0,0.0,66.04444715711804,0.7962551650015897,0.31134631742187,21.111999893188475,21.254200096130372,21.073250036239624,21.111999893188475,25.165861775337607,17.058138011039343,90.21164254770328,84.08288860065608,1.333214351109096,-28291300.0,27.97240135393405,63.421766749030105,0.3506362048565082
2024-12-02 00:00:00-05:00,23.790000915527344,24.489999771118164,23.309999465942383,24.25,10053200,0.0,0.0,68.25968972649412,0.8996017834104642,0.42899741061958885,21.282999897003172,21.323000106811524,21.019400033950806,21.282999897003172,25.568673274524862,16.997326519481483,92.06348645694072,88.00704844421983,1.3610714503696986,-18238100.0,39.850056439479516,64.93767361080135,0.4678038440682179
2024-12-03 00:00:00-05:00,23.770000457763672,24.649999618530273,23.729999542236328,24.450000762939453,7103100,0.0,0.0,75.36373288311763,0.9862739608779947,0.54045272067127,21.489999961853027,21.384600105285646,20.97215003013611,21.489999961853027,25.973171220268235,17.00682870343782,94.70899938112083,92.32804279525494,1.353928565979004,-11135000.0,35.908844213508125,69.90384737185127,0.4614331677856404
2024-12-04 00:00:00-05:00,24.760000228881836,27.239999771118164,24.760000228881836,26.34000015258789,17759900,0.0,0.0,79.76879341049565,1.1937091058073825,0.6711039976984925,21.725999927520753,21.44760009765625,20.94375002861023,21.725999927520753,26.707251059186706,16.7447487958548,90.95477666286794,92.57575416697648,1.486785616193499,6624900.0,33.030308926912134,76.8543255530169,0.41039508453682577
2024-12-05 00:00:00-05:00,26.415000915527344,28.5049991607666,25.940000534057617,27.6299991607666,26740200,0.0,0.0,83.52402699385968,1.4455318997143785,0.8259895781016697,22.023999881744384,21.56240009307861,20.927750024795532,22.023999881744384,27.661078071970238,16.38692169151853,92.19794795445968,92.62057466614948,1.624999727521624,33365100.0,27.739252116491297,82.76561873186944,0.381020252941159
2024-12-06 00:00:00-05:00,28.020000457763672,28.670000076293945,26.920000076293945,27.719999313354492,16229800,0.0,0.0,94.3589751113802,1.6335351618170257,0.987498694844741,22.299499893188475,21.670000076293945,20.911250019073485,22.299499893188475,28.486598502022026,16.112401284354924,91.63731767695694,91.59668076476152,1.6392854963030135,49594900.0,23.41941426221272,89.70423062857277,0.29915649093644325
2024-12-09 00:00:00-05:00,27.969999313354492,28.364999771118164,27.065000534057617,27.3799991607666,14278200,0.0,0.0,91.22036827404197,1.7350928602742854,1.13701752793065,22.643499851226807,21.76580005645752,20.89185001373291,22.643499851226807,29.165324784688966,16.121674917764647,88.37837052978067,90.73787872039908,1.6821425301688058,35316700.0,16.362083985429578,82.29300811736397,0.1968503206906315
2024-12-10 00:00:00-05:00,27.040000915527344,27.84000015258789,26.06399917602539,26.399999618530273,11002100,0.0,0.0,81.25000338662771,1.7167111179723804,1.252956245938996,22.953499794006348,21.841400032043456,20.858650007247924,22.953499794006348,29.574933183343454,16.33206640466924,74.02745403649757,84.68104741441172,1.6482854570661272,24314600.0,9.908405975893084,76.44215498364551,0.18255354655758688
2024-12-11 00:00:00-05:00,26.700000762939453,27.420000076293945,26.06999969482422,26.549999237060547,8187300,0.0,0.0,77.7027057504204,1.6947115900918526,1.3413073147695675,23.319999790191652,21.94060001373291,20.83630000114441,23.319999790191652,29.882499202932582,16.75750037745072,70.09871941315001,77.50151465980942,1.548499652317592,32501900.0,13.655815682193923,70.22385329927593,0.1653711123417642
2024-12-12 00:00:00-05:00,26.110000610351562,26.844999313354492,25.5,26.1200008392334,6591500,0.0,0.0,71.58020504453367,1.623860673662584,1.3978179865481708,23.66949987411499,22.042200012207033,20.82045000076294,23.66949987411499,30.03397839498414,17.30502135324584,61.53846817733684,68.55488054232814,1.5574282237461634,25910400.0,11.291016631479184,65.27609000614518,0.17955593531462052
2024-12-13 00:00:00-05:00,26.0,26.219999313354492,24.260000228881836,24.440000534057617,11376700,0.0,0.0,55.00550172731576,1.415828043298994,1.4014199978983355,23.949499893188477,22.117200012207032,20.796050004959106,23.949499893188477,29.89854477000855,18.000455016368406,28.061222007303073,53.232803199263294,1.5554282324654716,14533700.0,1.3687263183409881,57.90988106249534,0.04240312196742593
2024-12-16 00:00:00-05:00,24.450000762939453,25.649999618530273,24.260000228881836,25.15999984741211,10141200,0.0,0.0,56.11587925741073,1.2941405653808786,1.3799641113948442,24.340499877929688,22.183600006103514,20.777300004959105,24.340499877929688,29.42567119010506,19.255328565754315,40.30611003651535,43.30193340705174,1.5604282106672014,24674900.0,3.752576690359214,56.33282656609457,0.0567233542968769
2024-12-17 00:00:00-05:00,24.790000915527344,24.950000762939453,23.889999389648438,24.65999984741211,8064800,0.0,0.0,57.09606877785543,1.144167292762635,1.3328047476684026,24.673999881744386,22.25279998779297,20.765550003051757,24.673999881744386,28.78761983003968,20.56037993344909,30.139366049126526,32.83556603098164,1.5632854189191545,16610100.0,0.8588919342324369,57.08332879907815,0.008541048898061102
2024-12-18 00:00:00-05:00,24.670000076293945,24.8799991607666,22.15999984741211,22.34000015258789,9026200,0.0,0.0,45.03078515179865,0.828556721263638,1.2319551423874497,24.800999927520753,22.275799980163573,20.742800006866457,24.800999927520753,28.406491947206735,21.19550790783477,2.7649815491127603,24.403485878251534,1.6889997209821428,7583900.0,-15.186028765482002,52.830001529768886,-0.21869235147113256
2024-12-19 00:00:00-05:00,22.5,23.239999771118164,21.854999542236328,22.260000228881836,8688800,0.0,0.0,41.443103026333596,0.5654594793518264,1.098656009780325,24.832499980926514,22.299199981689455,20.718800010681154,24.832499980926514,28.330756956908395,21.334243004944632,5.942782904000339,12.949043500746532,1.6929283142089844,-1104900.0,-19.435393032910152,48.43184526253872,-0.3255179136868803
2024-12-20 00:00:00-05:00,21.829999923706055,23.110000610351562,21.690000534057617,22.510000228881836,12675600,0.0,0.0,42.03296535348929,0.37282819888699237,0.9534904476016586,24.835000038146973,22.331800003051757,20.69465001106262,24.835000038146973,28.326182268050704,21.34381780824324,11.747847401169002,6.818537284760691,1.7100711550031389,11570700.0,-18.795090957894313,47.950468647497345,-0.26996076370213157
